Accession,Title,Sample Type,Taxonomy,Channels,Platform,Series,Supplementary Types,Supplementary Links,SRA Accession,Contact,Release Date
GSM1562387,"H1_Exp1.001","SRA","Homo sapiens",1,GPL16791,GSE64016,"SRA Run Selector","https://www.ncbi.nlm.nih.gov/Traces/study/?acc=SRX802398",SRX802398,"Ning Leng","Jun 24, 2015"
GSM1562388,"H1_Exp1.002","SRA","Homo sapiens",1,GPL16791,GSE64016,"SRA Run Selector","https://www.ncbi.nlm.nih.gov/Traces/study/?acc=SRX802399",SRX802399,"Ning Leng","Jun 24, 2015"
GSM1562389,"H1_Exp1.003","SRA","Homo sapiens",1,GPL16791,GSE64016,"SRA Run Selector","https://www.ncbi.nlm.nih.gov/Traces/study/?acc=SRX802400",SRX802400,"Ning Leng","Jun 24, 2015"
GSM1562390,"H1_Exp1.004","SRA","Homo sapiens",1,GPL16791,GSE64016,"SRA Run Selector","https://www.ncbi.nlm.nih.gov/Traces/study/?acc=SRX802401",SRX802401,"Ning Leng","Jun 24, 2015"
GSM1562391,"H1_Exp1.006","SRA","Homo sapiens",1,GPL16791,GSE64016,"SRA Run Selector","https://www.ncbi.nlm.nih.gov/Traces/study/?acc=SRX802402",SRX802402,"Ning Leng","Jun 24, 2015"
GSM1562392,"H1_Exp1.007","SRA","Homo sapiens",1,GPL16791,GSE64016,"SRA Run Selector","https://www.ncbi.nlm.nih.gov/Traces/study/?acc=SRX802403",SRX802403,"Ning Leng","Jun 24, 2015"
GSM1562393,"H1_Exp1.008","SRA","Homo sapiens",1,GPL16791,GSE64016,"SRA Run Selector","https://www.ncbi.nlm.nih.gov/Traces/study/?acc=SRX802404",SRX802404,"Ning Leng","Jun 24, 2015"
GSM1562394,"H1_Exp1.009","SRA","Homo sapiens",1,GPL16791,GSE64016,"SRA Run Selector","https://www.ncbi.nlm.nih.gov/Traces/study/?acc=SRX802405",SRX802405,"Ning Leng","Jun 24, 2015"
GSM1562395,"H1_Exp1.010","SRA","Homo sapiens",1,GPL16791,GSE64016,"SRA Run Selector","https://www.ncbi.nlm.nih.gov/Traces/study/?acc=SRX802406",SRX802406,"Ning Leng","Jun 24, 2015"
GSM1562396,"H1_Exp1.011","SRA","Homo sapiens",1,GPL16791,GSE64016,"SRA Run Selector","https://www.ncbi.nlm.nih.gov/Traces/study/?acc=SRX802407",SRX802407,"Ning Leng","Jun 24, 2015"
GSM1562397,"H1_Exp1.012","SRA","Homo sapiens",1,GPL16791,GSE64016,"SRA Run Selector","https://www.ncbi.nlm.nih.gov/Traces/study/?acc=SRX802408",SRX802408,"Ning Leng","Jun 24, 2015"
GSM1562398,"H1_Exp1.014","SRA","Homo sapiens",1,GPL16791,GSE64016,"SRA Run Selector","https://www.ncbi.nlm.nih.gov/Traces/study/?acc=SRX802409",SRX802409,"Ning Leng","Jun 24, 2015"
GSM1562399,"H1_Exp1.015","SRA","Homo sapiens",1,GPL16791,GSE64016,"SRA Run Selector","https://www.ncbi.nlm.nih.gov/Traces/study/?acc=SRX802410",SRX802410,"Ning Leng","Jun 24, 2015"
GSM1562400,"H1_Exp1.016","SRA","Homo sapiens",1,GPL16791,GSE64016,"SRA Run Selector","https://www.ncbi.nlm.nih.gov/Traces/study/?acc=SRX802411",SRX802411,"Ning Leng","Jun 24, 2015"
GSM1562401,"H1_Exp1.017","SRA","Homo sapiens",1,GPL16791,GSE64016,"SRA Run Selector","https://www.ncbi.nlm.nih.gov/Traces/study/?acc=SRX802412",SRX802412,"Ning Leng","Jun 24, 2015"
GSM1562402,"H1_Exp1.018","SRA","Homo sapiens",1,GPL16791,GSE64016,"SRA Run Selector","https://www.ncbi.nlm.nih.gov/Traces/study/?acc=SRX802413",SRX802413,"Ning Leng","Jun 24, 2015"
GSM1562403,"H1_Exp1.019","SRA","Homo sapiens",1,GPL16791,GSE64016,"SRA Run Selector","https://www.ncbi.nlm.nih.gov/Traces/study/?acc=SRX802414",SRX802414,"Ning Leng","Jun 24, 2015"
GSM1562404,"H1_Exp1.020","SRA","Homo sapiens",1,GPL16791,GSE64016,"SRA Run Selector","https://www.ncbi.nlm.nih.gov/Traces/study/?acc=SRX802415",SRX802415,"Ning Leng","Jun 24, 2015"
GSM1562405,"H1_Exp1.021","SRA","Homo sapiens",1,GPL16791,GSE64016,"SRA Run Selector","https://www.ncbi.nlm.nih.gov/Traces/study/?acc=SRX802416",SRX802416,"Ning Leng","Jun 24, 2015"
GSM1562406,"H1_Exp1.022","SRA","Homo sapiens",1,GPL16791,GSE64016,"SRA Run Selector","https://www.ncbi.nlm.nih.gov/Traces/study/?acc=SRX802417",SRX802417,"Ning Leng","Jun 24, 2015"
GSM1562407,"H1_Exp1.023","SRA","Homo sapiens",1,GPL16791,GSE64016,"SRA Run Selector","https://www.ncbi.nlm.nih.gov/Traces/study/?acc=SRX802418",SRX802418,"Ning Leng","Jun 24, 2015"
GSM1562408,"H1_Exp1.024","SRA","Homo sapiens",1,GPL16791,GSE64016,"SRA Run Selector","https://www.ncbi.nlm.nih.gov/Traces/study/?acc=SRX802419",SRX802419,"Ning Leng","Jun 24, 2015"
GSM1562409,"H1_Exp1.025","SRA","Homo sapiens",1,GPL16791,GSE64016,"SRA Run Selector","https://www.ncbi.nlm.nih.gov/Traces/study/?acc=SRX802420",SRX802420,"Ning Leng","Jun 24, 2015"
GSM1562410,"H1_Exp1.026","SRA","Homo sapiens",1,GPL16791,GSE64016,"SRA Run Selector","https://www.ncbi.nlm.nih.gov/Traces/study/?acc=SRX802421",SRX802421,"Ning Leng","Jun 24, 2015"
GSM1562411,"H1_Exp1.027","SRA","Homo sapiens",1,GPL16791,GSE64016,"SRA Run Selector","https://www.ncbi.nlm.nih.gov/Traces/study/?acc=SRX802422",SRX802422,"Ning Leng","Jun 24, 2015"
GSM1562412,"H1_Exp1.029","SRA","Homo sapiens",1,GPL16791,GSE64016,"SRA Run Selector","https://www.ncbi.nlm.nih.gov/Traces/study/?acc=SRX802423",SRX802423,"Ning Leng","Jun 24, 2015"
GSM1562413,"H1_Exp1.030","SRA","Homo sapiens",1,GPL16791,GSE64016,"SRA Run Selector","https://www.ncbi.nlm.nih.gov/Traces/study/?acc=SRX802424",SRX802424,"Ning Leng","Jun 24, 2015"
GSM1562414,"H1_Exp1.031","SRA","Homo sapiens",1,GPL16791,GSE64016,"SRA Run Selector","https://www.ncbi.nlm.nih.gov/Traces/study/?acc=SRX802425",SRX802425,"Ning Leng","Jun 24, 2015"
GSM1562415,"H1_Exp1.032","SRA","Homo sapiens",1,GPL16791,GSE64016,"SRA Run Selector","https://www.ncbi.nlm.nih.gov/Traces/study/?acc=SRX802426",SRX802426,"Ning Leng","Jun 24, 2015"
GSM1562416,"H1_Exp1.033","SRA","Homo sapiens",1,GPL16791,GSE64016,"SRA Run Selector","https://www.ncbi.nlm.nih.gov/Traces/study/?acc=SRX802427",SRX802427,"Ning Leng","Jun 24, 2015"
GSM1562417,"H1_Exp1.035","SRA","Homo sapiens",1,GPL16791,GSE64016,"SRA Run Selector","https://www.ncbi.nlm.nih.gov/Traces/study/?acc=SRX802428",SRX802428,"Ning Leng","Jun 24, 2015"
GSM1562418,"H1_Exp1.036","SRA","Homo sapiens",1,GPL16791,GSE64016,"SRA Run Selector","https://www.ncbi.nlm.nih.gov/Traces/study/?acc=SRX802429",SRX802429,"Ning Leng","Jun 24, 2015"
GSM1562419,"H1_Exp1.038","SRA","Homo sapiens",1,GPL16791,GSE64016,"SRA Run Selector","https://www.ncbi.nlm.nih.gov/Traces/study/?acc=SRX802430",SRX802430,"Ning Leng","Jun 24, 2015"
GSM1562420,"H1_Exp1.039","SRA","Homo sapiens",1,GPL16791,GSE64016,"SRA Run Selector","https://www.ncbi.nlm.nih.gov/Traces/study/?acc=SRX802431",SRX802431,"Ning Leng","Jun 24, 2015"
GSM1562421,"H1_Exp1.040","SRA","Homo sapiens",1,GPL16791,GSE64016,"SRA Run Selector","https://www.ncbi.nlm.nih.gov/Traces/study/?acc=SRX802432",SRX802432,"Ning Leng","Jun 24, 2015"
GSM1562422,"H1_Exp1.041","SRA","Homo sapiens",1,GPL16791,GSE64016,"SRA Run Selector","https://www.ncbi.nlm.nih.gov/Traces/study/?acc=SRX802433",SRX802433,"Ning Leng","Jun 24, 2015"
GSM1562423,"H1_Exp1.042","SRA","Homo sapiens",1,GPL16791,GSE64016,"SRA Run Selector","https://www.ncbi.nlm.nih.gov/Traces/study/?acc=SRX802434",SRX802434,"Ning Leng","Jun 24, 2015"
GSM1562424,"H1_Exp1.043","SRA","Homo sapiens",1,GPL16791,GSE64016,"SRA Run Selector","https://www.ncbi.nlm.nih.gov/Traces/study/?acc=SRX802435",SRX802435,"Ning Leng","Jun 24, 2015"
GSM1562425,"H1_Exp1.044","SRA","Homo sapiens",1,GPL16791,GSE64016,"SRA Run Selector","https://www.ncbi.nlm.nih.gov/Traces/study/?acc=SRX802436",SRX802436,"Ning Leng","Jun 24, 2015"
GSM1562426,"H1_Exp1.045","SRA","Homo sapiens",1,GPL16791,GSE64016,"SRA Run Selector","https://www.ncbi.nlm.nih.gov/Traces/study/?acc=SRX802437",SRX802437,"Ning Leng","Jun 24, 2015"
GSM1562427,"H1_Exp1.047","SRA","Homo sapiens",1,GPL16791,GSE64016,"SRA Run Selector","https://www.ncbi.nlm.nih.gov/Traces/study/?acc=SRX802438",SRX802438,"Ning Leng","Jun 24, 2015"
GSM1562428,"H1_Exp1.048","SRA","Homo sapiens",1,GPL16791,GSE64016,"SRA Run Selector","https://www.ncbi.nlm.nih.gov/Traces/study/?acc=SRX802439",SRX802439,"Ning Leng","Jun 24, 2015"
GSM1562429,"H1_Exp1.049","SRA","Homo sapiens",1,GPL16791,GSE64016,"SRA Run Selector","https://www.ncbi.nlm.nih.gov/Traces/study/?acc=SRX802440",SRX802440,"Ning Leng","Jun 24, 2015"
GSM1562430,"H1_Exp1.050","SRA","Homo sapiens",1,GPL16791,GSE64016,"SRA Run Selector","https://www.ncbi.nlm.nih.gov/Traces/study/?acc=SRX802441",SRX802441,"Ning Leng","Jun 24, 2015"
GSM1562431,"H1_Exp1.051","SRA","Homo sapiens",1,GPL16791,GSE64016,"SRA Run Selector","https://www.ncbi.nlm.nih.gov/Traces/study/?acc=SRX802442",SRX802442,"Ning Leng","Jun 24, 2015"
GSM1562432,"H1_Exp1.052","SRA","Homo sapiens",1,GPL16791,GSE64016,"SRA Run Selector","https://www.ncbi.nlm.nih.gov/Traces/study/?acc=SRX802443",SRX802443,"Ning Leng","Jun 24, 2015"
GSM1562433,"H1_Exp1.053","SRA","Homo sapiens",1,GPL16791,GSE64016,"SRA Run Selector","https://www.ncbi.nlm.nih.gov/Traces/study/?acc=SRX802444",SRX802444,"Ning Leng","Jun 24, 2015"
GSM1562434,"H1_Exp1.054","SRA","Homo sapiens",1,GPL16791,GSE64016,"SRA Run Selector","https://www.ncbi.nlm.nih.gov/Traces/study/?acc=SRX802445",SRX802445,"Ning Leng","Jun 24, 2015"
GSM1562435,"H1_Exp1.055","SRA","Homo sapiens",1,GPL16791,GSE64016,"SRA Run Selector","https://www.ncbi.nlm.nih.gov/Traces/study/?acc=SRX802446",SRX802446,"Ning Leng","Jun 24, 2015"
GSM1562436,"H1_Exp1.057","SRA","Homo sapiens",1,GPL16791,GSE64016,"SRA Run Selector","https://www.ncbi.nlm.nih.gov/Traces/study/?acc=SRX802447",SRX802447,"Ning Leng","Jun 24, 2015"
GSM1562437,"H1_Exp1.058","SRA","Homo sapiens",1,GPL16791,GSE64016,"SRA Run Selector","https://www.ncbi.nlm.nih.gov/Traces/study/?acc=SRX802448",SRX802448,"Ning Leng","Jun 24, 2015"
GSM1562438,"H1_Exp1.059","SRA","Homo sapiens",1,GPL16791,GSE64016,"SRA Run Selector","https://www.ncbi.nlm.nih.gov/Traces/study/?acc=SRX802449",SRX802449,"Ning Leng","Jun 24, 2015"
GSM1562439,"H1_Exp1.060","SRA","Homo sapiens",1,GPL16791,GSE64016,"SRA Run Selector","https://www.ncbi.nlm.nih.gov/Traces/study/?acc=SRX802450",SRX802450,"Ning Leng","Jun 24, 2015"
GSM1562440,"H1_Exp1.061","SRA","Homo sapiens",1,GPL16791,GSE64016,"SRA Run Selector","https://www.ncbi.nlm.nih.gov/Traces/study/?acc=SRX802451",SRX802451,"Ning Leng","Jun 24, 2015"
GSM1562441,"H1_Exp1.062","SRA","Homo sapiens",1,GPL16791,GSE64016,"SRA Run Selector","https://www.ncbi.nlm.nih.gov/Traces/study/?acc=SRX802452",SRX802452,"Ning Leng","Jun 24, 2015"
GSM1562442,"H1_Exp1.063","SRA","Homo sapiens",1,GPL16791,GSE64016,"SRA Run Selector","https://www.ncbi.nlm.nih.gov/Traces/study/?acc=SRX802453",SRX802453,"Ning Leng","Jun 24, 2015"
GSM1562443,"H1_Exp1.064","SRA","Homo sapiens",1,GPL16791,GSE64016,"SRA Run Selector","https://www.ncbi.nlm.nih.gov/Traces/study/?acc=SRX802454",SRX802454,"Ning Leng","Jun 24, 2015"
GSM1562444,"H1_Exp1.065","SRA","Homo sapiens",1,GPL16791,GSE64016,"SRA Run Selector","https://www.ncbi.nlm.nih.gov/Traces/study/?acc=SRX802455",SRX802455,"Ning Leng","Jun 24, 2015"
GSM1562445,"H1_Exp1.066","SRA","Homo sapiens",1,GPL16791,GSE64016,"SRA Run Selector","https://www.ncbi.nlm.nih.gov/Traces/study/?acc=SRX802456",SRX802456,"Ning Leng","Jun 24, 2015"
GSM1562446,"H1_Exp1.068","SRA","Homo sapiens",1,GPL16791,GSE64016,"SRA Run Selector","https://www.ncbi.nlm.nih.gov/Traces/study/?acc=SRX802457",SRX802457,"Ning Leng","Jun 24, 2015"
GSM1562447,"H1_Exp1.069","SRA","Homo sapiens",1,GPL16791,GSE64016,"SRA Run Selector","https://www.ncbi.nlm.nih.gov/Traces/study/?acc=SRX802458",SRX802458,"Ning Leng","Jun 24, 2015"
GSM1562448,"H1_Exp1.070","SRA","Homo sapiens",1,GPL16791,GSE64016,"SRA Run Selector","https://www.ncbi.nlm.nih.gov/Traces/study/?acc=SRX802459",SRX802459,"Ning Leng","Jun 24, 2015"
GSM1562449,"H1_Exp2.073","SRA","Homo sapiens",1,GPL16791,GSE64016,"SRA Run Selector","https://www.ncbi.nlm.nih.gov/Traces/study/?acc=SRX802460",SRX802460,"Ning Leng","Jun 24, 2015"
GSM1562450,"H1_Exp2.074","SRA","Homo sapiens",1,GPL16791,GSE64016,"SRA Run Selector","https://www.ncbi.nlm.nih.gov/Traces/study/?acc=SRX802461",SRX802461,"Ning Leng","Jun 24, 2015"
GSM1562451,"H1_Exp2.075","SRA","Homo sapiens",1,GPL16791,GSE64016,"SRA Run Selector","https://www.ncbi.nlm.nih.gov/Traces/study/?acc=SRX802462",SRX802462,"Ning Leng","Jun 24, 2015"
GSM1562452,"H1_Exp2.076","SRA","Homo sapiens",1,GPL16791,GSE64016,"SRA Run Selector","https://www.ncbi.nlm.nih.gov/Traces/study/?acc=SRX802463",SRX802463,"Ning Leng","Jun 24, 2015"
GSM1562453,"H1_Exp2.077","SRA","Homo sapiens",1,GPL16791,GSE64016,"SRA Run Selector","https://www.ncbi.nlm.nih.gov/Traces/study/?acc=SRX802464",SRX802464,"Ning Leng","Jun 24, 2015"
GSM1562454,"H1_Exp2.078","SRA","Homo sapiens",1,GPL16791,GSE64016,"SRA Run Selector","https://www.ncbi.nlm.nih.gov/Traces/study/?acc=SRX802465",SRX802465,"Ning Leng","Jun 24, 2015"
GSM1562455,"H1_Exp2.079","SRA","Homo sapiens",1,GPL16791,GSE64016,"SRA Run Selector","https://www.ncbi.nlm.nih.gov/Traces/study/?acc=SRX802466",SRX802466,"Ning Leng","Jun 24, 2015"
GSM1562456,"H1_Exp2.080","SRA","Homo sapiens",1,GPL16791,GSE64016,"SRA Run Selector","https://www.ncbi.nlm.nih.gov/Traces/study/?acc=SRX802467",SRX802467,"Ning Leng","Jun 24, 2015"
GSM1562457,"H1_Exp2.081","SRA","Homo sapiens",1,GPL16791,GSE64016,"SRA Run Selector","https://www.ncbi.nlm.nih.gov/Traces/study/?acc=SRX802468",SRX802468,"Ning Leng","Jun 24, 2015"
GSM1562458,"H1_Exp2.082","SRA","Homo sapiens",1,GPL16791,GSE64016,"SRA Run Selector","https://www.ncbi.nlm.nih.gov/Traces/study/?acc=SRX802469",SRX802469,"Ning Leng","Jun 24, 2015"
GSM1562459,"H1_Exp2.083","SRA","Homo sapiens",1,GPL16791,GSE64016,"SRA Run Selector","https://www.ncbi.nlm.nih.gov/Traces/study/?acc=SRX802470",SRX802470,"Ning Leng","Jun 24, 2015"
GSM1562460,"H1_Exp2.084","SRA","Homo sapiens",1,GPL16791,GSE64016,"SRA Run Selector","https://www.ncbi.nlm.nih.gov/Traces/study/?acc=SRX802471",SRX802471,"Ning Leng","Jun 24, 2015"
GSM1562461,"H1_Exp2.085","SRA","Homo sapiens",1,GPL16791,GSE64016,"SRA Run Selector","https://www.ncbi.nlm.nih.gov/Traces/study/?acc=SRX802472",SRX802472,"Ning Leng","Jun 24, 2015"
GSM1562462,"H1_Exp2.086","SRA","Homo sapiens",1,GPL16791,GSE64016,"SRA Run Selector","https://www.ncbi.nlm.nih.gov/Traces/study/?acc=SRX802473",SRX802473,"Ning Leng","Jun 24, 2015"
GSM1562463,"H1_Exp2.087","SRA","Homo sapiens",1,GPL16791,GSE64016,"SRA Run Selector","https://www.ncbi.nlm.nih.gov/Traces/study/?acc=SRX802474",SRX802474,"Ning Leng","Jun 24, 2015"
GSM1562464,"H1_Exp2.088","SRA","Homo sapiens",1,GPL16791,GSE64016,"SRA Run Selector","https://www.ncbi.nlm.nih.gov/Traces/study/?acc=SRX802475",SRX802475,"Ning Leng","Jun 24, 2015"
GSM1562465,"H1_Exp2.089","SRA","Homo sapiens",1,GPL16791,GSE64016,"SRA Run Selector","https://www.ncbi.nlm.nih.gov/Traces/study/?acc=SRX802476",SRX802476,"Ning Leng","Jun 24, 2015"
GSM1562466,"H1_Exp2.090","SRA","Homo sapiens",1,GPL16791,GSE64016,"SRA Run Selector","https://www.ncbi.nlm.nih.gov/Traces/study/?acc=SRX802477",SRX802477,"Ning Leng","Jun 24, 2015"
GSM1562467,"H1_Exp2.091","SRA","Homo sapiens",1,GPL16791,GSE64016,"SRA Run Selector","https://www.ncbi.nlm.nih.gov/Traces/study/?acc=SRX802478",SRX802478,"Ning Leng","Jun 24, 2015"
GSM1562468,"H1_Exp2.092","SRA","Homo sapiens",1,GPL16791,GSE64016,"SRA Run Selector","https://www.ncbi.nlm.nih.gov/Traces/study/?acc=SRX802479",SRX802479,"Ning Leng","Jun 24, 2015"
GSM1562469,"H1_Exp2.093","SRA","Homo sapiens",1,GPL16791,GSE64016,"SRA Run Selector","https://www.ncbi.nlm.nih.gov/Traces/study/?acc=SRX802480",SRX802480,"Ning Leng","Jun 24, 2015"
GSM1562470,"H1_Exp2.094","SRA","Homo sapiens",1,GPL16791,GSE64016,"SRA Run Selector","https://www.ncbi.nlm.nih.gov/Traces/study/?acc=SRX802481",SRX802481,"Ning Leng","Jun 24, 2015"
GSM1562471,"H1_Exp2.096","SRA","Homo sapiens",1,GPL16791,GSE64016,"SRA Run Selector","https://www.ncbi.nlm.nih.gov/Traces/study/?acc=SRX802482",SRX802482,"Ning Leng","Jun 24, 2015"
GSM1562472,"H1_Exp2.097","SRA","Homo sapiens",1,GPL16791,GSE64016,"SRA Run Selector","https://www.ncbi.nlm.nih.gov/Traces/study/?acc=SRX802483",SRX802483,"Ning Leng","Jun 24, 2015"
GSM1562473,"H1_Exp2.098","SRA","Homo sapiens",1,GPL16791,GSE64016,"SRA Run Selector","https://www.ncbi.nlm.nih.gov/Traces/study/?acc=SRX802484",SRX802484,"Ning Leng","Jun 24, 2015"
GSM1562474,"H1_Exp2.099","SRA","Homo sapiens",1,GPL16791,GSE64016,"SRA Run Selector","https://www.ncbi.nlm.nih.gov/Traces/study/?acc=SRX802485",SRX802485,"Ning Leng","Jun 24, 2015"
GSM1562475,"H1_Exp2.100","SRA","Homo sapiens",1,GPL16791,GSE64016,"SRA Run Selector","https://www.ncbi.nlm.nih.gov/Traces/study/?acc=SRX802486",SRX802486,"Ning Leng","Jun 24, 2015"
GSM1562476,"H1_Exp2.101","SRA","Homo sapiens",1,GPL16791,GSE64016,"SRA Run Selector","https://www.ncbi.nlm.nih.gov/Traces/study/?acc=SRX802487",SRX802487,"Ning Leng","Jun 24, 2015"
GSM1562477,"H1_Exp2.102","SRA","Homo sapiens",1,GPL16791,GSE64016,"SRA Run Selector","https://www.ncbi.nlm.nih.gov/Traces/study/?acc=SRX802488",SRX802488,"Ning Leng","Jun 24, 2015"
GSM1562478,"H1_Exp2.103","SRA","Homo sapiens",1,GPL16791,GSE64016,"SRA Run Selector","https://www.ncbi.nlm.nih.gov/Traces/study/?acc=SRX802489",SRX802489,"Ning Leng","Jun 24, 2015"
GSM1562479,"H1_Exp2.104","SRA","Homo sapiens",1,GPL16791,GSE64016,"SRA Run Selector","https://www.ncbi.nlm.nih.gov/Traces/study/?acc=SRX802490",SRX802490,"Ning Leng","Jun 24, 2015"
GSM1562480,"H1_Exp2.105","SRA","Homo sapiens",1,GPL16791,GSE64016,"SRA Run Selector","https://www.ncbi.nlm.nih.gov/Traces/study/?acc=SRX802491",SRX802491,"Ning Leng","Jun 24, 2015"
GSM1562481,"H1_Exp2.106","SRA","Homo sapiens",1,GPL16791,GSE64016,"SRA Run Selector","https://www.ncbi.nlm.nih.gov/Traces/study/?acc=SRX802492",SRX802492,"Ning Leng","Jun 24, 2015"
GSM1562482,"H1_Exp2.107","SRA","Homo sapiens",1,GPL16791,GSE64016,"SRA Run Selector","https://www.ncbi.nlm.nih.gov/Traces/study/?acc=SRX802493",SRX802493,"Ning Leng","Jun 24, 2015"
GSM1562483,"H1_Exp2.108","SRA","Homo sapiens",1,GPL16791,GSE64016,"SRA Run Selector","https://www.ncbi.nlm.nih.gov/Traces/study/?acc=SRX802494",SRX802494,"Ning Leng","Jun 24, 2015"
GSM1562484,"H1_Exp2.109","SRA","Homo sapiens",1,GPL16791,GSE64016,"SRA Run Selector","https://www.ncbi.nlm.nih.gov/Traces/study/?acc=SRX802495",SRX802495,"Ning Leng","Jun 24, 2015"
GSM1562485,"H1_Exp2.110","SRA","Homo sapiens",1,GPL16791,GSE64016,"SRA Run Selector","https://www.ncbi.nlm.nih.gov/Traces/study/?acc=SRX802496",SRX802496,"Ning Leng","Jun 24, 2015"
GSM1562486,"H1_Exp2.111","SRA","Homo sapiens",1,GPL16791,GSE64016,"SRA Run Selector","https://www.ncbi.nlm.nih.gov/Traces/study/?acc=SRX802497",SRX802497,"Ning Leng","Jun 24, 2015"
GSM1562487,"H1_Exp2.112","SRA","Homo sapiens",1,GPL16791,GSE64016,"SRA Run Selector","https://www.ncbi.nlm.nih.gov/Traces/study/?acc=SRX802498",SRX802498,"Ning Leng","Jun 24, 2015"
GSM1562488,"H1_Exp2.113","SRA","Homo sapiens",1,GPL16791,GSE64016,"SRA Run Selector","https://www.ncbi.nlm.nih.gov/Traces/study/?acc=SRX802499",SRX802499,"Ning Leng","Jun 24, 2015"
GSM1562489,"H1_Exp2.114","SRA","Homo sapiens",1,GPL16791,GSE64016,"SRA Run Selector","https://www.ncbi.nlm.nih.gov/Traces/study/?acc=SRX802500",SRX802500,"Ning Leng","Jun 24, 2015"
GSM1562490,"H1_Exp2.115","SRA","Homo sapiens",1,GPL16791,GSE64016,"SRA Run Selector","https://www.ncbi.nlm.nih.gov/Traces/study/?acc=SRX802501",SRX802501,"Ning Leng","Jun 24, 2015"
GSM1562491,"H1_Exp2.116","SRA","Homo sapiens",1,GPL16791,GSE64016,"SRA Run Selector","https://www.ncbi.nlm.nih.gov/Traces/study/?acc=SRX802502",SRX802502,"Ning Leng","Jun 24, 2015"
GSM1562492,"H1_Exp2.117","SRA","Homo sapiens",1,GPL16791,GSE64016,"SRA Run Selector","https://www.ncbi.nlm.nih.gov/Traces/study/?acc=SRX802503",SRX802503,"Ning Leng","Jun 24, 2015"
GSM1562493,"H1_Exp2.118","SRA","Homo sapiens",1,GPL16791,GSE64016,"SRA Run Selector","https://www.ncbi.nlm.nih.gov/Traces/study/?acc=SRX802504",SRX802504,"Ning Leng","Jun 24, 2015"
GSM1562494,"H1_Exp2.120","SRA","Homo sapiens",1,GPL16791,GSE64016,"SRA Run Selector","https://www.ncbi.nlm.nih.gov/Traces/study/?acc=SRX802505",SRX802505,"Ning Leng","Jun 24, 2015"
GSM1562495,"H1_Exp2.121","SRA","Homo sapiens",1,GPL16791,GSE64016,"SRA Run Selector","https://www.ncbi.nlm.nih.gov/Traces/study/?acc=SRX802506",SRX802506,"Ning Leng","Jun 24, 2015"
GSM1562496,"H1_Exp2.122","SRA","Homo sapiens",1,GPL16791,GSE64016,"SRA Run Selector","https://www.ncbi.nlm.nih.gov/Traces/study/?acc=SRX802507",SRX802507,"Ning Leng","Jun 24, 2015"
GSM1562497,"H1_Exp2.123","SRA","Homo sapiens",1,GPL16791,GSE64016,"SRA Run Selector","https://www.ncbi.nlm.nih.gov/Traces/study/?acc=SRX802508",SRX802508,"Ning Leng","Jun 24, 2015"
GSM1562498,"H1_Exp2.124","SRA","Homo sapiens",1,GPL16791,GSE64016,"SRA Run Selector","https://www.ncbi.nlm.nih.gov/Traces/study/?acc=SRX802509",SRX802509,"Ning Leng","Jun 24, 2015"
GSM1562499,"H1_Exp2.125","SRA","Homo sapiens",1,GPL16791,GSE64016,"SRA Run Selector","https://www.ncbi.nlm.nih.gov/Traces/study/?acc=SRX802510",SRX802510,"Ning Leng","Jun 24, 2015"
GSM1562500,"H1_Exp2.126","SRA","Homo sapiens",1,GPL16791,GSE64016,"SRA Run Selector","https://www.ncbi.nlm.nih.gov/Traces/study/?acc=SRX802511",SRX802511,"Ning Leng","Jun 24, 2015"
GSM1562501,"H1_Exp2.127","SRA","Homo sapiens",1,GPL16791,GSE64016,"SRA Run Selector","https://www.ncbi.nlm.nih.gov/Traces/study/?acc=SRX802512",SRX802512,"Ning Leng","Jun 24, 2015"
GSM1562502,"H1_Exp2.128","SRA","Homo sapiens",1,GPL16791,GSE64016,"SRA Run Selector","https://www.ncbi.nlm.nih.gov/Traces/study/?acc=SRX802513",SRX802513,"Ning Leng","Jun 24, 2015"
GSM1562503,"H1_Exp2.129","SRA","Homo sapiens",1,GPL16791,GSE64016,"SRA Run Selector","https://www.ncbi.nlm.nih.gov/Traces/study/?acc=SRX802514",SRX802514,"Ning Leng","Jun 24, 2015"
GSM1562504,"H1_Exp2.130","SRA","Homo sapiens",1,GPL16791,GSE64016,"SRA Run Selector","https://www.ncbi.nlm.nih.gov/Traces/study/?acc=SRX802515",SRX802515,"Ning Leng","Jun 24, 2015"
GSM1562505,"H1_Exp2.132","SRA","Homo sapiens",1,GPL16791,GSE64016,"SRA Run Selector","https://www.ncbi.nlm.nih.gov/Traces/study/?acc=SRX802516",SRX802516,"Ning Leng","Jun 24, 2015"
GSM1562506,"H1_Exp2.133","SRA","Homo sapiens",1,GPL16791,GSE64016,"SRA Run Selector","https://www.ncbi.nlm.nih.gov/Traces/study/?acc=SRX802517",SRX802517,"Ning Leng","Jun 24, 2015"
GSM1562507,"H1_Exp2.134","SRA","Homo sapiens",1,GPL16791,GSE64016,"SRA Run Selector","https://www.ncbi.nlm.nih.gov/Traces/study/?acc=SRX802518",SRX802518,"Ning Leng","Jun 24, 2015"
GSM1562508,"H1_Exp2.135","SRA","Homo sapiens",1,GPL16791,GSE64016,"SRA Run Selector","https://www.ncbi.nlm.nih.gov/Traces/study/?acc=SRX802519",SRX802519,"Ning Leng","Jun 24, 2015"
GSM1562509,"H1_Exp2.136","SRA","Homo sapiens",1,GPL16791,GSE64016,"SRA Run Selector","https://www.ncbi.nlm.nih.gov/Traces/study/?acc=SRX802520",SRX802520,"Ning Leng","Jun 24, 2015"
GSM1562510,"H1_Exp2.137","SRA","Homo sapiens",1,GPL16791,GSE64016,"SRA Run Selector","https://www.ncbi.nlm.nih.gov/Traces/study/?acc=SRX802521",SRX802521,"Ning Leng","Jun 24, 2015"
GSM1562511,"H1_Exp2.138","SRA","Homo sapiens",1,GPL16791,GSE64016,"SRA Run Selector","https://www.ncbi.nlm.nih.gov/Traces/study/?acc=SRX802522",SRX802522,"Ning Leng","Jun 24, 2015"
GSM1562512,"H1_Exp2.139","SRA","Homo sapiens",1,GPL16791,GSE64016,"SRA Run Selector","https://www.ncbi.nlm.nih.gov/Traces/study/?acc=SRX802523",SRX802523,"Ning Leng","Jun 24, 2015"
GSM1562513,"H1_Exp2.140","SRA","Homo sapiens",1,GPL16791,GSE64016,"SRA Run Selector","https://www.ncbi.nlm.nih.gov/Traces/study/?acc=SRX802524",SRX802524,"Ning Leng","Jun 24, 2015"
GSM1562514,"H1_Exp2.141","SRA","Homo sapiens",1,GPL16791,GSE64016,"SRA Run Selector","https://www.ncbi.nlm.nih.gov/Traces/study/?acc=SRX802525",SRX802525,"Ning Leng","Jun 24, 2015"
GSM1562515,"H1_Exp2.142","SRA","Homo sapiens",1,GPL16791,GSE64016,"SRA Run Selector","https://www.ncbi.nlm.nih.gov/Traces/study/?acc=SRX802526",SRX802526,"Ning Leng","Jun 24, 2015"
GSM1562516,"H1_Exp2.144","SRA","Homo sapiens",1,GPL16791,GSE64016,"SRA Run Selector","https://www.ncbi.nlm.nih.gov/Traces/study/?acc=SRX802527",SRX802527,"Ning Leng","Jun 24, 2015"
GSM1562517,"H1_Exp2.145","SRA","Homo sapiens",1,GPL16791,GSE64016,"SRA Run Selector","https://www.ncbi.nlm.nih.gov/Traces/study/?acc=SRX802528",SRX802528,"Ning Leng","Jun 24, 2015"
GSM1562518,"H1_Exp2.146","SRA","Homo sapiens",1,GPL16791,GSE64016,"SRA Run Selector","https://www.ncbi.nlm.nih.gov/Traces/study/?acc=SRX802529",SRX802529,"Ning Leng","Jun 24, 2015"
GSM1562519,"H1_Exp2.147","SRA","Homo sapiens",1,GPL16791,GSE64016,"SRA Run Selector","https://www.ncbi.nlm.nih.gov/Traces/study/?acc=SRX802530",SRX802530,"Ning Leng","Jun 24, 2015"
GSM1562520,"H1_Exp2.148","SRA","Homo sapiens",1,GPL16791,GSE64016,"SRA Run Selector","https://www.ncbi.nlm.nih.gov/Traces/study/?acc=SRX802531",SRX802531,"Ning Leng","Jun 24, 2015"
GSM1562521,"H1_Exp2.149","SRA","Homo sapiens",1,GPL16791,GSE64016,"SRA Run Selector","https://www.ncbi.nlm.nih.gov/Traces/study/?acc=SRX802532",SRX802532,"Ning Leng","Jun 24, 2015"
GSM1562522,"H1_Exp2.150","SRA","Homo sapiens",1,GPL16791,GSE64016,"SRA Run Selector","https://www.ncbi.nlm.nih.gov/Traces/study/?acc=SRX802533",SRX802533,"Ning Leng","Jun 24, 2015"
GSM1562523,"H1_Exp2.151","SRA","Homo sapiens",1,GPL16791,GSE64016,"SRA Run Selector","https://www.ncbi.nlm.nih.gov/Traces/study/?acc=SRX802534",SRX802534,"Ning Leng","Jun 24, 2015"
GSM1562524,"H1_Exp2.152","SRA","Homo sapiens",1,GPL16791,GSE64016,"SRA Run Selector","https://www.ncbi.nlm.nih.gov/Traces/study/?acc=SRX802535",SRX802535,"Ning Leng","Jun 24, 2015"
GSM1562525,"H1_Exp2.153","SRA","Homo sapiens",1,GPL16791,GSE64016,"SRA Run Selector","https://www.ncbi.nlm.nih.gov/Traces/study/?acc=SRX802536",SRX802536,"Ning Leng","Jun 24, 2015"
GSM1562526,"H1_Exp2.154","SRA","Homo sapiens",1,GPL16791,GSE64016,"SRA Run Selector","https://www.ncbi.nlm.nih.gov/Traces/study/?acc=SRX802537",SRX802537,"Ning Leng","Jun 24, 2015"
GSM1562527,"H1_Exp3.218","SRA","Homo sapiens",1,GPL16791,GSE64016,"SRA Run Selector","https://www.ncbi.nlm.nih.gov/Traces/study/?acc=SRX802538",SRX802538,"Ning Leng","Jun 24, 2015"
GSM1562528,"H1_Exp3.219","SRA","Homo sapiens",1,GPL16791,GSE64016,"SRA Run Selector","https://www.ncbi.nlm.nih.gov/Traces/study/?acc=SRX802539",SRX802539,"Ning Leng","Jun 24, 2015"
GSM1562529,"H1_Exp3.220","SRA","Homo sapiens",1,GPL16791,GSE64016,"SRA Run Selector","https://www.ncbi.nlm.nih.gov/Traces/study/?acc=SRX802540",SRX802540,"Ning Leng","Jun 24, 2015"
GSM1562530,"H1_Exp3.221","SRA","Homo sapiens",1,GPL16791,GSE64016,"SRA Run Selector","https://www.ncbi.nlm.nih.gov/Traces/study/?acc=SRX802541",SRX802541,"Ning Leng","Jun 24, 2015"
GSM1562531,"H1_Exp3.222","SRA","Homo sapiens",1,GPL16791,GSE64016,"SRA Run Selector","https://www.ncbi.nlm.nih.gov/Traces/study/?acc=SRX802542",SRX802542,"Ning Leng","Jun 24, 2015"
GSM1562532,"H1_Exp3.223","SRA","Homo sapiens",1,GPL16791,GSE64016,"SRA Run Selector","https://www.ncbi.nlm.nih.gov/Traces/study/?acc=SRX802543",SRX802543,"Ning Leng","Jun 24, 2015"
GSM1562533,"H1_Exp3.224","SRA","Homo sapiens",1,GPL16791,GSE64016,"SRA Run Selector","https://www.ncbi.nlm.nih.gov/Traces/study/?acc=SRX802544",SRX802544,"Ning Leng","Jun 24, 2015"
GSM1562534,"H1_Exp3.225","SRA","Homo sapiens",1,GPL16791,GSE64016,"SRA Run Selector","https://www.ncbi.nlm.nih.gov/Traces/study/?acc=SRX802545",SRX802545,"Ning Leng","Jun 24, 2015"
GSM1562535,"H1_Exp3.226","SRA","Homo sapiens",1,GPL16791,GSE64016,"SRA Run Selector","https://www.ncbi.nlm.nih.gov/Traces/study/?acc=SRX802546",SRX802546,"Ning Leng","Jun 24, 2015"
GSM1562536,"H1_Exp3.227","SRA","Homo sapiens",1,GPL16791,GSE64016,"SRA Run Selector","https://www.ncbi.nlm.nih.gov/Traces/study/?acc=SRX802547",SRX802547,"Ning Leng","Jun 24, 2015"
GSM1562537,"H1_Exp3.228","SRA","Homo sapiens",1,GPL16791,GSE64016,"SRA Run Selector","https://www.ncbi.nlm.nih.gov/Traces/study/?acc=SRX802548",SRX802548,"Ning Leng","Jun 24, 2015"
GSM1562538,"H1_Exp3.229","SRA","Homo sapiens",1,GPL16791,GSE64016,"SRA Run Selector","https://www.ncbi.nlm.nih.gov/Traces/study/?acc=SRX802549",SRX802549,"Ning Leng","Jun 24, 2015"
GSM1562539,"H1_Exp3.230","SRA","Homo sapiens",1,GPL16791,GSE64016,"SRA Run Selector","https://www.ncbi.nlm.nih.gov/Traces/study/?acc=SRX802550",SRX802550,"Ning Leng","Jun 24, 2015"
GSM1562540,"H1_Exp3.231","SRA","Homo sapiens",1,GPL16791,GSE64016,"SRA Run Selector","https://www.ncbi.nlm.nih.gov/Traces/study/?acc=SRX802551",SRX802551,"Ning Leng","Jun 24, 2015"
GSM1562541,"H1_Exp3.232","SRA","Homo sapiens",1,GPL16791,GSE64016,"SRA Run Selector","https://www.ncbi.nlm.nih.gov/Traces/study/?acc=SRX802552",SRX802552,"Ning Leng","Jun 24, 2015"
GSM1562542,"H1_Exp3.233","SRA","Homo sapiens",1,GPL16791,GSE64016,"SRA Run Selector","https://www.ncbi.nlm.nih.gov/Traces/study/?acc=SRX802553",SRX802553,"Ning Leng","Jun 24, 2015"
GSM1562543,"H1_Exp3.234","SRA","Homo sapiens",1,GPL16791,GSE64016,"SRA Run Selector","https://www.ncbi.nlm.nih.gov/Traces/study/?acc=SRX802554",SRX802554,"Ning Leng","Jun 24, 2015"
GSM1562544,"H1_Exp3.235","SRA","Homo sapiens",1,GPL16791,GSE64016,"SRA Run Selector","https://www.ncbi.nlm.nih.gov/Traces/study/?acc=SRX802555",SRX802555,"Ning Leng","Jun 24, 2015"
GSM1562545,"H1_Exp3.236","SRA","Homo sapiens",1,GPL16791,GSE64016,"SRA Run Selector","https://www.ncbi.nlm.nih.gov/Traces/study/?acc=SRX802556",SRX802556,"Ning Leng","Jun 24, 2015"
GSM1562546,"H1_Exp3.237","SRA","Homo sapiens",1,GPL16791,GSE64016,"SRA Run Selector","https://www.ncbi.nlm.nih.gov/Traces/study/?acc=SRX802557",SRX802557,"Ning Leng","Jun 24, 2015"
GSM1562547,"H1_Exp3.238","SRA","Homo sapiens",1,GPL16791,GSE64016,"SRA Run Selector","https://www.ncbi.nlm.nih.gov/Traces/study/?acc=SRX802558",SRX802558,"Ning Leng","Jun 24, 2015"
GSM1562548,"H1_Exp3.239","SRA","Homo sapiens",1,GPL16791,GSE64016,"SRA Run Selector","https://www.ncbi.nlm.nih.gov/Traces/study/?acc=SRX802559",SRX802559,"Ning Leng","Jun 24, 2015"
GSM1562549,"H1_Exp3.240","SRA","Homo sapiens",1,GPL16791,GSE64016,"SRA Run Selector","https://www.ncbi.nlm.nih.gov/Traces/study/?acc=SRX802560",SRX802560,"Ning Leng","Jun 24, 2015"
GSM1562550,"H1_Exp3.241","SRA","Homo sapiens",1,GPL16791,GSE64016,"SRA Run Selector","https://www.ncbi.nlm.nih.gov/Traces/study/?acc=SRX802561",SRX802561,"Ning Leng","Jun 24, 2015"
GSM1562551,"H1_Exp3.242","SRA","Homo sapiens",1,GPL16791,GSE64016,"SRA Run Selector","https://www.ncbi.nlm.nih.gov/Traces/study/?acc=SRX802562",SRX802562,"Ning Leng","Jun 24, 2015"
GSM1562552,"H1_Exp3.243","SRA","Homo sapiens",1,GPL16791,GSE64016,"SRA Run Selector","https://www.ncbi.nlm.nih.gov/Traces/study/?acc=SRX802563",SRX802563,"Ning Leng","Jun 24, 2015"
GSM1562553,"H1_Exp3.244","SRA","Homo sapiens",1,GPL16791,GSE64016,"SRA Run Selector","https://www.ncbi.nlm.nih.gov/Traces/study/?acc=SRX802564",SRX802564,"Ning Leng","Jun 24, 2015"
GSM1562554,"H1_Exp3.246","SRA","Homo sapiens",1,GPL16791,GSE64016,"SRA Run Selector","https://www.ncbi.nlm.nih.gov/Traces/study/?acc=SRX802565",SRX802565,"Ning Leng","Jun 24, 2015"
GSM1562555,"H1_Exp3.247","SRA","Homo sapiens",1,GPL16791,GSE64016,"SRA Run Selector","https://www.ncbi.nlm.nih.gov/Traces/study/?acc=SRX802566",SRX802566,"Ning Leng","Jun 24, 2015"
GSM1562556,"H1_Exp3.248","SRA","Homo sapiens",1,GPL16791,GSE64016,"SRA Run Selector","https://www.ncbi.nlm.nih.gov/Traces/study/?acc=SRX802567",SRX802567,"Ning Leng","Jun 24, 2015"
GSM1562557,"H1_Exp3.249","SRA","Homo sapiens",1,GPL16791,GSE64016,"SRA Run Selector","https://www.ncbi.nlm.nih.gov/Traces/study/?acc=SRX802568",SRX802568,"Ning Leng","Jun 24, 2015"
GSM1562558,"H1_Exp3.250","SRA","Homo sapiens",1,GPL16791,GSE64016,"SRA Run Selector","https://www.ncbi.nlm.nih.gov/Traces/study/?acc=SRX802569",SRX802569,"Ning Leng","Jun 24, 2015"
GSM1562559,"H1_Exp3.251","SRA","Homo sapiens",1,GPL16791,GSE64016,"SRA Run Selector","https://www.ncbi.nlm.nih.gov/Traces/study/?acc=SRX802570",SRX802570,"Ning Leng","Jun 24, 2015"
GSM1562560,"H1_Exp3.252","SRA","Homo sapiens",1,GPL16791,GSE64016,"SRA Run Selector","https://www.ncbi.nlm.nih.gov/Traces/study/?acc=SRX802571",SRX802571,"Ning Leng","Jun 24, 2015"
GSM1562561,"H1_Exp3.253","SRA","Homo sapiens",1,GPL16791,GSE64016,"SRA Run Selector","https://www.ncbi.nlm.nih.gov/Traces/study/?acc=SRX802572",SRX802572,"Ning Leng","Jun 24, 2015"
GSM1562562,"H1_Exp3.254","SRA","Homo sapiens",1,GPL16791,GSE64016,"SRA Run Selector","https://www.ncbi.nlm.nih.gov/Traces/study/?acc=SRX802573",SRX802573,"Ning Leng","Jun 24, 2015"
GSM1562563,"H1_Exp3.255","SRA","Homo sapiens",1,GPL16791,GSE64016,"SRA Run Selector","https://www.ncbi.nlm.nih.gov/Traces/study/?acc=SRX802574",SRX802574,"Ning Leng","Jun 24, 2015"
GSM1562564,"H1_Exp3.256","SRA","Homo sapiens",1,GPL16791,GSE64016,"SRA Run Selector","https://www.ncbi.nlm.nih.gov/Traces/study/?acc=SRX802575",SRX802575,"Ning Leng","Jun 24, 2015"
GSM1562565,"H1_Exp3.257","SRA","Homo sapiens",1,GPL16791,GSE64016,"SRA Run Selector","https://www.ncbi.nlm.nih.gov/Traces/study/?acc=SRX802576",SRX802576,"Ning Leng","Jun 24, 2015"
GSM1562566,"H1_Exp3.258","SRA","Homo sapiens",1,GPL16791,GSE64016,"SRA Run Selector","https://www.ncbi.nlm.nih.gov/Traces/study/?acc=SRX802577",SRX802577,"Ning Leng","Jun 24, 2015"
GSM1562567,"H1_Exp3.259","SRA","Homo sapiens",1,GPL16791,GSE64016,"SRA Run Selector","https://www.ncbi.nlm.nih.gov/Traces/study/?acc=SRX802578",SRX802578,"Ning Leng","Jun 24, 2015"
GSM1562568,"H1_Exp3.260","SRA","Homo sapiens",1,GPL16791,GSE64016,"SRA Run Selector","https://www.ncbi.nlm.nih.gov/Traces/study/?acc=SRX802579",SRX802579,"Ning Leng","Jun 24, 2015"
GSM1562569,"H1_Exp3.261","SRA","Homo sapiens",1,GPL16791,GSE64016,"SRA Run Selector","https://www.ncbi.nlm.nih.gov/Traces/study/?acc=SRX802580",SRX802580,"Ning Leng","Jun 24, 2015"
GSM1562570,"H1_Exp3.262","SRA","Homo sapiens",1,GPL16791,GSE64016,"SRA Run Selector","https://www.ncbi.nlm.nih.gov/Traces/study/?acc=SRX802581",SRX802581,"Ning Leng","Jun 24, 2015"
GSM1562571,"H1_Exp3.263","SRA","Homo sapiens",1,GPL16791,GSE64016,"SRA Run Selector","https://www.ncbi.nlm.nih.gov/Traces/study/?acc=SRX802582",SRX802582,"Ning Leng","Jun 24, 2015"
GSM1562572,"H1_Exp3.264","SRA","Homo sapiens",1,GPL16791,GSE64016,"SRA Run Selector","https://www.ncbi.nlm.nih.gov/Traces/study/?acc=SRX802583",SRX802583,"Ning Leng","Jun 24, 2015"
GSM1562573,"H1_Exp3.265","SRA","Homo sapiens",1,GPL16791,GSE64016,"SRA Run Selector","https://www.ncbi.nlm.nih.gov/Traces/study/?acc=SRX802584",SRX802584,"Ning Leng","Jun 24, 2015"
GSM1562574,"H1_Exp3.266","SRA","Homo sapiens",1,GPL16791,GSE64016,"SRA Run Selector","https://www.ncbi.nlm.nih.gov/Traces/study/?acc=SRX802585",SRX802585,"Ning Leng","Jun 24, 2015"
GSM1562575,"H1_Exp3.267","SRA","Homo sapiens",1,GPL16791,GSE64016,"SRA Run Selector","https://www.ncbi.nlm.nih.gov/Traces/study/?acc=SRX802586",SRX802586,"Ning Leng","Jun 24, 2015"
GSM1562576,"H1_Exp3.268","SRA","Homo sapiens",1,GPL16791,GSE64016,"SRA Run Selector","https://www.ncbi.nlm.nih.gov/Traces/study/?acc=SRX802587",SRX802587,"Ning Leng","Jun 24, 2015"
GSM1562577,"H1_Exp3.269","SRA","Homo sapiens",1,GPL16791,GSE64016,"SRA Run Selector","https://www.ncbi.nlm.nih.gov/Traces/study/?acc=SRX802588",SRX802588,"Ning Leng","Jun 24, 2015"
GSM1562578,"H1_Exp3.270","SRA","Homo sapiens",1,GPL16791,GSE64016,"SRA Run Selector","https://www.ncbi.nlm.nih.gov/Traces/study/?acc=SRX802589",SRX802589,"Ning Leng","Jun 24, 2015"
GSM1562579,"H1_Exp3.271","SRA","Homo sapiens",1,GPL16791,GSE64016,"SRA Run Selector","https://www.ncbi.nlm.nih.gov/Traces/study/?acc=SRX802590",SRX802590,"Ning Leng","Jun 24, 2015"
GSM1562580,"H1_Exp3.272","SRA","Homo sapiens",1,GPL16791,GSE64016,"SRA Run Selector","https://www.ncbi.nlm.nih.gov/Traces/study/?acc=SRX802591",SRX802591,"Ning Leng","Jun 24, 2015"
GSM1562581,"H1_Exp3.273","SRA","Homo sapiens",1,GPL16791,GSE64016,"SRA Run Selector","https://www.ncbi.nlm.nih.gov/Traces/study/?acc=SRX802592",SRX802592,"Ning Leng","Jun 24, 2015"
GSM1562582,"H1_Exp3.274","SRA","Homo sapiens",1,GPL16791,GSE64016,"SRA Run Selector","https://www.ncbi.nlm.nih.gov/Traces/study/?acc=SRX802593",SRX802593,"Ning Leng","Jun 24, 2015"
GSM1562583,"H1_Exp3.275","SRA","Homo sapiens",1,GPL16791,GSE64016,"SRA Run Selector","https://www.ncbi.nlm.nih.gov/Traces/study/?acc=SRX802594",SRX802594,"Ning Leng","Jun 24, 2015"
GSM1562584,"H1_Exp3.276","SRA","Homo sapiens",1,GPL16791,GSE64016,"SRA Run Selector","https://www.ncbi.nlm.nih.gov/Traces/study/?acc=SRX802595",SRX802595,"Ning Leng","Jun 24, 2015"
GSM1562585,"H1_Exp3.277","SRA","Homo sapiens",1,GPL16791,GSE64016,"SRA Run Selector","https://www.ncbi.nlm.nih.gov/Traces/study/?acc=SRX802596",SRX802596,"Ning Leng","Jun 24, 2015"
GSM1562586,"H1_Exp3.278","SRA","Homo sapiens",1,GPL16791,GSE64016,"SRA Run Selector","https://www.ncbi.nlm.nih.gov/Traces/study/?acc=SRX802597",SRX802597,"Ning Leng","Jun 24, 2015"
GSM1562587,"H1_Exp3.279","SRA","Homo sapiens",1,GPL16791,GSE64016,"SRA Run Selector","https://www.ncbi.nlm.nih.gov/Traces/study/?acc=SRX802598",SRX802598,"Ning Leng","Jun 24, 2015"
GSM1562588,"H1_Exp3.280","SRA","Homo sapiens",1,GPL16791,GSE64016,"SRA Run Selector","https://www.ncbi.nlm.nih.gov/Traces/study/?acc=SRX802599",SRX802599,"Ning Leng","Jun 24, 2015"
GSM1562589,"H1_Exp3.281","SRA","Homo sapiens",1,GPL16791,GSE64016,"SRA Run Selector","https://www.ncbi.nlm.nih.gov/Traces/study/?acc=SRX802600",SRX802600,"Ning Leng","Jun 24, 2015"
GSM1562590,"H1_Exp3.282","SRA","Homo sapiens",1,GPL16791,GSE64016,"SRA Run Selector","https://www.ncbi.nlm.nih.gov/Traces/study/?acc=SRX802601",SRX802601,"Ning Leng","Jun 24, 2015"
GSM1562591,"H1_Exp3.283","SRA","Homo sapiens",1,GPL16791,GSE64016,"SRA Run Selector","https://www.ncbi.nlm.nih.gov/Traces/study/?acc=SRX802602",SRX802602,"Ning Leng","Jun 24, 2015"
GSM1562592,"H1_Exp3.284","SRA","Homo sapiens",1,GPL16791,GSE64016,"SRA Run Selector","https://www.ncbi.nlm.nih.gov/Traces/study/?acc=SRX802603",SRX802603,"Ning Leng","Jun 24, 2015"
GSM1562593,"H1_Exp3.285","SRA","Homo sapiens",1,GPL16791,GSE64016,"SRA Run Selector","https://www.ncbi.nlm.nih.gov/Traces/study/?acc=SRX802604",SRX802604,"Ning Leng","Jun 24, 2015"
GSM1562594,"H1_Exp3.286","SRA","Homo sapiens",1,GPL16791,GSE64016,"SRA Run Selector","https://www.ncbi.nlm.nih.gov/Traces/study/?acc=SRX802605",SRX802605,"Ning Leng","Jun 24, 2015"
GSM1562595,"H1_Exp3.287","SRA","Homo sapiens",1,GPL16791,GSE64016,"SRA Run Selector","https://www.ncbi.nlm.nih.gov/Traces/study/?acc=SRX802606",SRX802606,"Ning Leng","Jun 24, 2015"
GSM1562596,"H1_Exp3.288","SRA","Homo sapiens",1,GPL16791,GSE64016,"SRA Run Selector","https://www.ncbi.nlm.nih.gov/Traces/study/?acc=SRX802607",SRX802607,"Ning Leng","Jun 24, 2015"
GSM1562597,"H1_Exp3.289","SRA","Homo sapiens",1,GPL16791,GSE64016,"SRA Run Selector","https://www.ncbi.nlm.nih.gov/Traces/study/?acc=SRX802608",SRX802608,"Ning Leng","Jun 24, 2015"
GSM1562598,"H1_Exp3.290","SRA","Homo sapiens",1,GPL16791,GSE64016,"SRA Run Selector","https://www.ncbi.nlm.nih.gov/Traces/study/?acc=SRX802609",SRX802609,"Ning Leng","Jun 24, 2015"
GSM1562599,"H1_Exp3.291","SRA","Homo sapiens",1,GPL16791,GSE64016,"SRA Run Selector","https://www.ncbi.nlm.nih.gov/Traces/study/?acc=SRX802610",SRX802610,"Ning Leng","Jun 24, 2015"
GSM1562600,"G1_Exp1.001","SRA","Homo sapiens",1,GPL16791,GSE64016,"SRA Run Selector","https://www.ncbi.nlm.nih.gov/Traces/study/?acc=SRX802611",SRX802611,"Ning Leng","Jun 24, 2015"
GSM1562601,"G1_Exp1.002","SRA","Homo sapiens",1,GPL16791,GSE64016,"SRA Run Selector","https://www.ncbi.nlm.nih.gov/Traces/study/?acc=SRX802612",SRX802612,"Ning Leng","Jun 24, 2015"
GSM1562602,"G1_Exp1.003","SRA","Homo sapiens",1,GPL16791,GSE64016,"SRA Run Selector","https://www.ncbi.nlm.nih.gov/Traces/study/?acc=SRX802613",SRX802613,"Ning Leng","Jun 24, 2015"
GSM1562603,"G1_Exp1.004","SRA","Homo sapiens",1,GPL16791,GSE64016,"SRA Run Selector","https://www.ncbi.nlm.nih.gov/Traces/study/?acc=SRX802614",SRX802614,"Ning Leng","Jun 24, 2015"
GSM1562604,"G1_Exp1.005","SRA","Homo sapiens",1,GPL16791,GSE64016,"SRA Run Selector","https://www.ncbi.nlm.nih.gov/Traces/study/?acc=SRX802615",SRX802615,"Ning Leng","Jun 24, 2015"
GSM1562605,"G1_Exp1.006","SRA","Homo sapiens",1,GPL16791,GSE64016,"SRA Run Selector","https://www.ncbi.nlm.nih.gov/Traces/study/?acc=SRX802616",SRX802616,"Ning Leng","Jun 24, 2015"
GSM1562606,"G1_Exp1.007","SRA","Homo sapiens",1,GPL16791,GSE64016,"SRA Run Selector","https://www.ncbi.nlm.nih.gov/Traces/study/?acc=SRX802617",SRX802617,"Ning Leng","Jun 24, 2015"
GSM1562607,"G1_Exp1.008","SRA","Homo sapiens",1,GPL16791,GSE64016,"SRA Run Selector","https://www.ncbi.nlm.nih.gov/Traces/study/?acc=SRX802618",SRX802618,"Ning Leng","Jun 24, 2015"
GSM1562608,"G1_Exp1.009","SRA","Homo sapiens",1,GPL16791,GSE64016,"SRA Run Selector","https://www.ncbi.nlm.nih.gov/Traces/study/?acc=SRX802619",SRX802619,"Ning Leng","Jun 24, 2015"
GSM1562609,"G1_Exp1.010","SRA","Homo sapiens",1,GPL16791,GSE64016,"SRA Run Selector","https://www.ncbi.nlm.nih.gov/Traces/study/?acc=SRX802620",SRX802620,"Ning Leng","Jun 24, 2015"
GSM1562610,"G1_Exp1.011","SRA","Homo sapiens",1,GPL16791,GSE64016,"SRA Run Selector","https://www.ncbi.nlm.nih.gov/Traces/study/?acc=SRX802621",SRX802621,"Ning Leng","Jun 24, 2015"
GSM1562611,"G1_Exp1.012","SRA","Homo sapiens",1,GPL16791,GSE64016,"SRA Run Selector","https://www.ncbi.nlm.nih.gov/Traces/study/?acc=SRX802622",SRX802622,"Ning Leng","Jun 24, 2015"
GSM1562612,"G1_Exp1.013","SRA","Homo sapiens",1,GPL16791,GSE64016,"SRA Run Selector","https://www.ncbi.nlm.nih.gov/Traces/study/?acc=SRX802623",SRX802623,"Ning Leng","Jun 24, 2015"
GSM1562613,"G1_Exp1.014","SRA","Homo sapiens",1,GPL16791,GSE64016,"SRA Run Selector","https://www.ncbi.nlm.nih.gov/Traces/study/?acc=SRX802624",SRX802624,"Ning Leng","Jun 24, 2015"
GSM1562614,"G1_Exp1.015","SRA","Homo sapiens",1,GPL16791,GSE64016,"SRA Run Selector","https://www.ncbi.nlm.nih.gov/Traces/study/?acc=SRX802625",SRX802625,"Ning Leng","Jun 24, 2015"
GSM1562615,"G1_Exp1.016","SRA","Homo sapiens",1,GPL16791,GSE64016,"SRA Run Selector","https://www.ncbi.nlm.nih.gov/Traces/study/?acc=SRX802626",SRX802626,"Ning Leng","Jun 24, 2015"
GSM1562616,"G1_Exp1.017","SRA","Homo sapiens",1,GPL16791,GSE64016,"SRA Run Selector","https://www.ncbi.nlm.nih.gov/Traces/study/?acc=SRX802627",SRX802627,"Ning Leng","Jun 24, 2015"
GSM1562617,"G1_Exp1.018","SRA","Homo sapiens",1,GPL16791,GSE64016,"SRA Run Selector","https://www.ncbi.nlm.nih.gov/Traces/study/?acc=SRX802628",SRX802628,"Ning Leng","Jun 24, 2015"
GSM1562618,"G1_Exp1.019","SRA","Homo sapiens",1,GPL16791,GSE64016,"SRA Run Selector","https://www.ncbi.nlm.nih.gov/Traces/study/?acc=SRX802629",SRX802629,"Ning Leng","Jun 24, 2015"
GSM1562620,"G1_Exp1.020","SRA","Homo sapiens",1,GPL16791,GSE64016,"SRA Run Selector","https://www.ncbi.nlm.nih.gov/Traces/study/?acc=SRX802630",SRX802630,"Ning Leng","Jun 24, 2015"
GSM1562622,"G1_Exp1.021","SRA","Homo sapiens",1,GPL16791,GSE64016,"SRA Run Selector","https://www.ncbi.nlm.nih.gov/Traces/study/?acc=SRX802631",SRX802631,"Ning Leng","Jun 24, 2015"
GSM1562624,"G1_Exp1.022","SRA","Homo sapiens",1,GPL16791,GSE64016,"SRA Run Selector","https://www.ncbi.nlm.nih.gov/Traces/study/?acc=SRX802632",SRX802632,"Ning Leng","Jun 24, 2015"
GSM1562626,"G1_Exp1.023","SRA","Homo sapiens",1,GPL16791,GSE64016,"SRA Run Selector","https://www.ncbi.nlm.nih.gov/Traces/study/?acc=SRX802633",SRX802633,"Ning Leng","Jun 24, 2015"
GSM1562630,"G1_Exp1.024","SRA","Homo sapiens",1,GPL16791,GSE64016,"SRA Run Selector","https://www.ncbi.nlm.nih.gov/Traces/study/?acc=SRX802634",SRX802634,"Ning Leng","Jun 24, 2015"
GSM1562632,"G1_Exp1.025","SRA","Homo sapiens",1,GPL16791,GSE64016,"SRA Run Selector","https://www.ncbi.nlm.nih.gov/Traces/study/?acc=SRX802635",SRX802635,"Ning Leng","Jun 24, 2015"
GSM1562634,"G1_Exp1.026","SRA","Homo sapiens",1,GPL16791,GSE64016,"SRA Run Selector","https://www.ncbi.nlm.nih.gov/Traces/study/?acc=SRX802636",SRX802636,"Ning Leng","Jun 24, 2015"
GSM1562635,"G1_Exp1.027","SRA","Homo sapiens",1,GPL16791,GSE64016,"SRA Run Selector","https://www.ncbi.nlm.nih.gov/Traces/study/?acc=SRX802637",SRX802637,"Ning Leng","Jun 24, 2015"
GSM1562636,"G1_Exp1.028","SRA","Homo sapiens",1,GPL16791,GSE64016,"SRA Run Selector","https://www.ncbi.nlm.nih.gov/Traces/study/?acc=SRX802638",SRX802638,"Ning Leng","Jun 24, 2015"
GSM1562637,"G1_Exp1.029","SRA","Homo sapiens",1,GPL16791,GSE64016,"SRA Run Selector","https://www.ncbi.nlm.nih.gov/Traces/study/?acc=SRX802639",SRX802639,"Ning Leng","Jun 24, 2015"
GSM1562638,"G1_Exp1.030","SRA","Homo sapiens",1,GPL16791,GSE64016,"SRA Run Selector","https://www.ncbi.nlm.nih.gov/Traces/study/?acc=SRX802640",SRX802640,"Ning Leng","Jun 24, 2015"
GSM1562639,"G1_Exp1.031","SRA","Homo sapiens",1,GPL16791,GSE64016,"SRA Run Selector","https://www.ncbi.nlm.nih.gov/Traces/study/?acc=SRX802641",SRX802641,"Ning Leng","Jun 24, 2015"
GSM1562640,"G1_Exp1.032","SRA","Homo sapiens",1,GPL16791,GSE64016,"SRA Run Selector","https://www.ncbi.nlm.nih.gov/Traces/study/?acc=SRX802642",SRX802642,"Ning Leng","Jun 24, 2015"
GSM1562641,"G1_Exp1.033","SRA","Homo sapiens",1,GPL16791,GSE64016,"SRA Run Selector","https://www.ncbi.nlm.nih.gov/Traces/study/?acc=SRX802643",SRX802643,"Ning Leng","Jun 24, 2015"
GSM1562642,"G1_Exp1.034","SRA","Homo sapiens",1,GPL16791,GSE64016,"SRA Run Selector","https://www.ncbi.nlm.nih.gov/Traces/study/?acc=SRX802644",SRX802644,"Ning Leng","Jun 24, 2015"
GSM1562643,"G1_Exp1.035","SRA","Homo sapiens",1,GPL16791,GSE64016,"SRA Run Selector","https://www.ncbi.nlm.nih.gov/Traces/study/?acc=SRX802645",SRX802645,"Ning Leng","Jun 24, 2015"
GSM1562644,"G1_Exp1.036","SRA","Homo sapiens",1,GPL16791,GSE64016,"SRA Run Selector","https://www.ncbi.nlm.nih.gov/Traces/study/?acc=SRX802646",SRX802646,"Ning Leng","Jun 24, 2015"
GSM1562645,"G1_Exp1.037","SRA","Homo sapiens",1,GPL16791,GSE64016,"SRA Run Selector","https://www.ncbi.nlm.nih.gov/Traces/study/?acc=SRX802647",SRX802647,"Ning Leng","Jun 24, 2015"
GSM1562646,"G1_Exp1.038","SRA","Homo sapiens",1,GPL16791,GSE64016,"SRA Run Selector","https://www.ncbi.nlm.nih.gov/Traces/study/?acc=SRX802648",SRX802648,"Ning Leng","Jun 24, 2015"
GSM1562647,"G1_Exp1.039","SRA","Homo sapiens",1,GPL16791,GSE64016,"SRA Run Selector","https://www.ncbi.nlm.nih.gov/Traces/study/?acc=SRX802649",SRX802649,"Ning Leng","Jun 24, 2015"
GSM1562648,"G1_Exp1.040","SRA","Homo sapiens",1,GPL16791,GSE64016,"SRA Run Selector","https://www.ncbi.nlm.nih.gov/Traces/study/?acc=SRX802650",SRX802650,"Ning Leng","Jun 24, 2015"
GSM1562649,"G1_Exp1.041","SRA","Homo sapiens",1,GPL16791,GSE64016,"SRA Run Selector","https://www.ncbi.nlm.nih.gov/Traces/study/?acc=SRX802651",SRX802651,"Ning Leng","Jun 24, 2015"
GSM1562650,"G1_Exp1.042","SRA","Homo sapiens",1,GPL16791,GSE64016,"SRA Run Selector","https://www.ncbi.nlm.nih.gov/Traces/study/?acc=SRX802652",SRX802652,"Ning Leng","Jun 24, 2015"
GSM1562651,"G1_Exp1.043","SRA","Homo sapiens",1,GPL16791,GSE64016,"SRA Run Selector","https://www.ncbi.nlm.nih.gov/Traces/study/?acc=SRX802653",SRX802653,"Ning Leng","Jun 24, 2015"
GSM1562652,"G1_Exp1.044","SRA","Homo sapiens",1,GPL16791,GSE64016,"SRA Run Selector","https://www.ncbi.nlm.nih.gov/Traces/study/?acc=SRX802654",SRX802654,"Ning Leng","Jun 24, 2015"
GSM1562653,"G1_Exp1.045","SRA","Homo sapiens",1,GPL16791,GSE64016,"SRA Run Selector","https://www.ncbi.nlm.nih.gov/Traces/study/?acc=SRX802655",SRX802655,"Ning Leng","Jun 24, 2015"
GSM1562654,"G1_Exp1.046","SRA","Homo sapiens",1,GPL16791,GSE64016,"SRA Run Selector","https://www.ncbi.nlm.nih.gov/Traces/study/?acc=SRX802656",SRX802656,"Ning Leng","Jun 24, 2015"
GSM1562655,"G1_Exp1.047","SRA","Homo sapiens",1,GPL16791,GSE64016,"SRA Run Selector","https://www.ncbi.nlm.nih.gov/Traces/study/?acc=SRX802657",SRX802657,"Ning Leng","Jun 24, 2015"
GSM1562656,"G1_Exp1.048","SRA","Homo sapiens",1,GPL16791,GSE64016,"SRA Run Selector","https://www.ncbi.nlm.nih.gov/Traces/study/?acc=SRX802658",SRX802658,"Ning Leng","Jun 24, 2015"
GSM1562657,"G1_Exp1.049","SRA","Homo sapiens",1,GPL16791,GSE64016,"SRA Run Selector","https://www.ncbi.nlm.nih.gov/Traces/study/?acc=SRX802659",SRX802659,"Ning Leng","Jun 24, 2015"
GSM1562658,"G1_Exp1.050","SRA","Homo sapiens",1,GPL16791,GSE64016,"SRA Run Selector","https://www.ncbi.nlm.nih.gov/Traces/study/?acc=SRX802660",SRX802660,"Ning Leng","Jun 24, 2015"
GSM1562659,"G1_Exp1.051","SRA","Homo sapiens",1,GPL16791,GSE64016,"SRA Run Selector","https://www.ncbi.nlm.nih.gov/Traces/study/?acc=SRX802661",SRX802661,"Ning Leng","Jun 24, 2015"
GSM1562660,"G1_Exp1.052","SRA","Homo sapiens",1,GPL16791,GSE64016,"SRA Run Selector","https://www.ncbi.nlm.nih.gov/Traces/study/?acc=SRX802662",SRX802662,"Ning Leng","Jun 24, 2015"
GSM1562661,"G1_Exp1.053","SRA","Homo sapiens",1,GPL16791,GSE64016,"SRA Run Selector","https://www.ncbi.nlm.nih.gov/Traces/study/?acc=SRX802663",SRX802663,"Ning Leng","Jun 24, 2015"
GSM1562662,"G1_Exp1.054","SRA","Homo sapiens",1,GPL16791,GSE64016,"SRA Run Selector","https://www.ncbi.nlm.nih.gov/Traces/study/?acc=SRX802664",SRX802664,"Ning Leng","Jun 24, 2015"
GSM1562663,"G1_Exp1.055","SRA","Homo sapiens",1,GPL16791,GSE64016,"SRA Run Selector","https://www.ncbi.nlm.nih.gov/Traces/study/?acc=SRX802665",SRX802665,"Ning Leng","Jun 24, 2015"
GSM1562664,"G1_Exp1.056","SRA","Homo sapiens",1,GPL16791,GSE64016,"SRA Run Selector","https://www.ncbi.nlm.nih.gov/Traces/study/?acc=SRX802666",SRX802666,"Ning Leng","Jun 24, 2015"
GSM1562665,"G1_Exp1.057","SRA","Homo sapiens",1,GPL16791,GSE64016,"SRA Run Selector","https://www.ncbi.nlm.nih.gov/Traces/study/?acc=SRX802667",SRX802667,"Ning Leng","Jun 24, 2015"
GSM1562666,"G1_Exp1.058","SRA","Homo sapiens",1,GPL16791,GSE64016,"SRA Run Selector","https://www.ncbi.nlm.nih.gov/Traces/study/?acc=SRX802668",SRX802668,"Ning Leng","Jun 24, 2015"
GSM1562667,"G1_Exp1.059","SRA","Homo sapiens",1,GPL16791,GSE64016,"SRA Run Selector","https://www.ncbi.nlm.nih.gov/Traces/study/?acc=SRX802669",SRX802669,"Ning Leng","Jun 24, 2015"
GSM1562668,"G1_Exp1.060","SRA","Homo sapiens",1,GPL16791,GSE64016,"SRA Run Selector","https://www.ncbi.nlm.nih.gov/Traces/study/?acc=SRX802670",SRX802670,"Ning Leng","Jun 24, 2015"
GSM1562669,"G1_Exp1.061","SRA","Homo sapiens",1,GPL16791,GSE64016,"SRA Run Selector","https://www.ncbi.nlm.nih.gov/Traces/study/?acc=SRX802671",SRX802671,"Ning Leng","Jun 24, 2015"
GSM1562670,"G1_Exp1.062","SRA","Homo sapiens",1,GPL16791,GSE64016,"SRA Run Selector","https://www.ncbi.nlm.nih.gov/Traces/study/?acc=SRX802672",SRX802672,"Ning Leng","Jun 24, 2015"
GSM1562671,"G1_Exp1.063","SRA","Homo sapiens",1,GPL16791,GSE64016,"SRA Run Selector","https://www.ncbi.nlm.nih.gov/Traces/study/?acc=SRX802673",SRX802673,"Ning Leng","Jun 24, 2015"
GSM1562672,"G1_Exp1.064","SRA","Homo sapiens",1,GPL16791,GSE64016,"SRA Run Selector","https://www.ncbi.nlm.nih.gov/Traces/study/?acc=SRX802674",SRX802674,"Ning Leng","Jun 24, 2015"
GSM1562673,"G1_Exp1.065","SRA","Homo sapiens",1,GPL16791,GSE64016,"SRA Run Selector","https://www.ncbi.nlm.nih.gov/Traces/study/?acc=SRX802675",SRX802675,"Ning Leng","Jun 24, 2015"
GSM1562674,"G1_Exp1.066","SRA","Homo sapiens",1,GPL16791,GSE64016,"SRA Run Selector","https://www.ncbi.nlm.nih.gov/Traces/study/?acc=SRX802676",SRX802676,"Ning Leng","Jun 24, 2015"
GSM1562675,"G1_Exp1.067","SRA","Homo sapiens",1,GPL16791,GSE64016,"SRA Run Selector","https://www.ncbi.nlm.nih.gov/Traces/study/?acc=SRX802677",SRX802677,"Ning Leng","Jun 24, 2015"
GSM1562676,"G1_Exp1.068","SRA","Homo sapiens",1,GPL16791,GSE64016,"SRA Run Selector","https://www.ncbi.nlm.nih.gov/Traces/study/?acc=SRX802678",SRX802678,"Ning Leng","Jun 24, 2015"
GSM1562677,"G1_Exp1.069","SRA","Homo sapiens",1,GPL16791,GSE64016,"SRA Run Selector","https://www.ncbi.nlm.nih.gov/Traces/study/?acc=SRX802679",SRX802679,"Ning Leng","Jun 24, 2015"
GSM1562678,"G1_Exp1.070","SRA","Homo sapiens",1,GPL16791,GSE64016,"SRA Run Selector","https://www.ncbi.nlm.nih.gov/Traces/study/?acc=SRX802680",SRX802680,"Ning Leng","Jun 24, 2015"
GSM1562679,"G1_Exp1.071","SRA","Homo sapiens",1,GPL16791,GSE64016,"SRA Run Selector","https://www.ncbi.nlm.nih.gov/Traces/study/?acc=SRX802681",SRX802681,"Ning Leng","Jun 24, 2015"
GSM1562680,"G1_Exp1.072","SRA","Homo sapiens",1,GPL16791,GSE64016,"SRA Run Selector","https://www.ncbi.nlm.nih.gov/Traces/study/?acc=SRX802682",SRX802682,"Ning Leng","Jun 24, 2015"
GSM1562681,"G1_Exp1.073","SRA","Homo sapiens",1,GPL16791,GSE64016,"SRA Run Selector","https://www.ncbi.nlm.nih.gov/Traces/study/?acc=SRX802683",SRX802683,"Ning Leng","Jun 24, 2015"
GSM1562682,"G1_Exp1.074","SRA","Homo sapiens",1,GPL16791,GSE64016,"SRA Run Selector","https://www.ncbi.nlm.nih.gov/Traces/study/?acc=SRX802684",SRX802684,"Ning Leng","Jun 24, 2015"
GSM1562683,"G1_Exp1.075","SRA","Homo sapiens",1,GPL16791,GSE64016,"SRA Run Selector","https://www.ncbi.nlm.nih.gov/Traces/study/?acc=SRX802685",SRX802685,"Ning Leng","Jun 24, 2015"
GSM1562684,"G1_Exp1.076","SRA","Homo sapiens",1,GPL16791,GSE64016,"SRA Run Selector","https://www.ncbi.nlm.nih.gov/Traces/study/?acc=SRX802686",SRX802686,"Ning Leng","Jun 24, 2015"
GSM1562685,"G1_Exp1.077","SRA","Homo sapiens",1,GPL16791,GSE64016,"SRA Run Selector","https://www.ncbi.nlm.nih.gov/Traces/study/?acc=SRX802687",SRX802687,"Ning Leng","Jun 24, 2015"
GSM1562686,"G1_Exp1.078","SRA","Homo sapiens",1,GPL16791,GSE64016,"SRA Run Selector","https://www.ncbi.nlm.nih.gov/Traces/study/?acc=SRX802688",SRX802688,"Ning Leng","Jun 24, 2015"
GSM1562687,"G1_Exp1.079","SRA","Homo sapiens",1,GPL16791,GSE64016,"SRA Run Selector","https://www.ncbi.nlm.nih.gov/Traces/study/?acc=SRX802689",SRX802689,"Ning Leng","Jun 24, 2015"
GSM1562688,"G1_Exp1.080","SRA","Homo sapiens",1,GPL16791,GSE64016,"SRA Run Selector","https://www.ncbi.nlm.nih.gov/Traces/study/?acc=SRX802690",SRX802690,"Ning Leng","Jun 24, 2015"
GSM1562689,"G1_Exp1.081","SRA","Homo sapiens",1,GPL16791,GSE64016,"SRA Run Selector","https://www.ncbi.nlm.nih.gov/Traces/study/?acc=SRX802691",SRX802691,"Ning Leng","Jun 24, 2015"
GSM1562690,"G1_Exp1.082","SRA","Homo sapiens",1,GPL16791,GSE64016,"SRA Run Selector","https://www.ncbi.nlm.nih.gov/Traces/study/?acc=SRX802692",SRX802692,"Ning Leng","Jun 24, 2015"
GSM1562691,"G1_Exp1.083","SRA","Homo sapiens",1,GPL16791,GSE64016,"SRA Run Selector","https://www.ncbi.nlm.nih.gov/Traces/study/?acc=SRX802693",SRX802693,"Ning Leng","Jun 24, 2015"
GSM1562692,"G1_Exp1.084","SRA","Homo sapiens",1,GPL16791,GSE64016,"SRA Run Selector","https://www.ncbi.nlm.nih.gov/Traces/study/?acc=SRX802694",SRX802694,"Ning Leng","Jun 24, 2015"
GSM1562693,"G1_Exp1.085","SRA","Homo sapiens",1,GPL16791,GSE64016,"SRA Run Selector","https://www.ncbi.nlm.nih.gov/Traces/study/?acc=SRX802695",SRX802695,"Ning Leng","Jun 24, 2015"
GSM1562694,"G1_Exp1.086","SRA","Homo sapiens",1,GPL16791,GSE64016,"SRA Run Selector","https://www.ncbi.nlm.nih.gov/Traces/study/?acc=SRX802696",SRX802696,"Ning Leng","Jun 24, 2015"
GSM1562695,"G1_Exp1.087","SRA","Homo sapiens",1,GPL16791,GSE64016,"SRA Run Selector","https://www.ncbi.nlm.nih.gov/Traces/study/?acc=SRX802697",SRX802697,"Ning Leng","Jun 24, 2015"
GSM1562696,"G1_Exp1.088","SRA","Homo sapiens",1,GPL16791,GSE64016,"SRA Run Selector","https://www.ncbi.nlm.nih.gov/Traces/study/?acc=SRX802698",SRX802698,"Ning Leng","Jun 24, 2015"
GSM1562697,"G1_Exp1.089","SRA","Homo sapiens",1,GPL16791,GSE64016,"SRA Run Selector","https://www.ncbi.nlm.nih.gov/Traces/study/?acc=SRX802699",SRX802699,"Ning Leng","Jun 24, 2015"
GSM1562698,"G1_Exp1.090","SRA","Homo sapiens",1,GPL16791,GSE64016,"SRA Run Selector","https://www.ncbi.nlm.nih.gov/Traces/study/?acc=SRX802700",SRX802700,"Ning Leng","Jun 24, 2015"
GSM1562699,"G1_Exp1.091","SRA","Homo sapiens",1,GPL16791,GSE64016,"SRA Run Selector","https://www.ncbi.nlm.nih.gov/Traces/study/?acc=SRX802701",SRX802701,"Ning Leng","Jun 24, 2015"
GSM1562700,"S_Exp1.001","SRA","Homo sapiens",1,GPL16791,GSE64016,"SRA Run Selector","https://www.ncbi.nlm.nih.gov/Traces/study/?acc=SRX802702",SRX802702,"Ning Leng","Jun 24, 2015"
GSM1562701,"S_Exp1.002","SRA","Homo sapiens",1,GPL16791,GSE64016,"SRA Run Selector","https://www.ncbi.nlm.nih.gov/Traces/study/?acc=SRX802703",SRX802703,"Ning Leng","Jun 24, 2015"
GSM1562702,"S_Exp1.003","SRA","Homo sapiens",1,GPL16791,GSE64016,"SRA Run Selector","https://www.ncbi.nlm.nih.gov/Traces/study/?acc=SRX802704",SRX802704,"Ning Leng","Jun 24, 2015"
GSM1562703,"S_Exp1.004","SRA","Homo sapiens",1,GPL16791,GSE64016,"SRA Run Selector","https://www.ncbi.nlm.nih.gov/Traces/study/?acc=SRX802705",SRX802705,"Ning Leng","Jun 24, 2015"
GSM1562704,"S_Exp1.005","SRA","Homo sapiens",1,GPL16791,GSE64016,"SRA Run Selector","https://www.ncbi.nlm.nih.gov/Traces/study/?acc=SRX802706",SRX802706,"Ning Leng","Jun 24, 2015"
GSM1562705,"S_Exp1.006","SRA","Homo sapiens",1,GPL16791,GSE64016,"SRA Run Selector","https://www.ncbi.nlm.nih.gov/Traces/study/?acc=SRX802707",SRX802707,"Ning Leng","Jun 24, 2015"
GSM1562706,"S_Exp1.007","SRA","Homo sapiens",1,GPL16791,GSE64016,"SRA Run Selector","https://www.ncbi.nlm.nih.gov/Traces/study/?acc=SRX802708",SRX802708,"Ning Leng","Jun 24, 2015"
GSM1562707,"S_Exp1.008","SRA","Homo sapiens",1,GPL16791,GSE64016,"SRA Run Selector","https://www.ncbi.nlm.nih.gov/Traces/study/?acc=SRX802709",SRX802709,"Ning Leng","Jun 24, 2015"
GSM1562708,"S_Exp1.009","SRA","Homo sapiens",1,GPL16791,GSE64016,"SRA Run Selector","https://www.ncbi.nlm.nih.gov/Traces/study/?acc=SRX802710",SRX802710,"Ning Leng","Jun 24, 2015"
GSM1562709,"S_Exp1.010","SRA","Homo sapiens",1,GPL16791,GSE64016,"SRA Run Selector","https://www.ncbi.nlm.nih.gov/Traces/study/?acc=SRX802711",SRX802711,"Ning Leng","Jun 24, 2015"
GSM1562710,"S_Exp1.011","SRA","Homo sapiens",1,GPL16791,GSE64016,"SRA Run Selector","https://www.ncbi.nlm.nih.gov/Traces/study/?acc=SRX802712",SRX802712,"Ning Leng","Jun 24, 2015"
GSM1562711,"S_Exp1.012","SRA","Homo sapiens",1,GPL16791,GSE64016,"SRA Run Selector","https://www.ncbi.nlm.nih.gov/Traces/study/?acc=SRX802713",SRX802713,"Ning Leng","Jun 24, 2015"
GSM1562712,"S_Exp1.013","SRA","Homo sapiens",1,GPL16791,GSE64016,"SRA Run Selector","https://www.ncbi.nlm.nih.gov/Traces/study/?acc=SRX802714",SRX802714,"Ning Leng","Jun 24, 2015"
GSM1562713,"S_Exp1.014","SRA","Homo sapiens",1,GPL16791,GSE64016,"SRA Run Selector","https://www.ncbi.nlm.nih.gov/Traces/study/?acc=SRX802715",SRX802715,"Ning Leng","Jun 24, 2015"
GSM1562714,"S_Exp1.015","SRA","Homo sapiens",1,GPL16791,GSE64016,"SRA Run Selector","https://www.ncbi.nlm.nih.gov/Traces/study/?acc=SRX802716",SRX802716,"Ning Leng","Jun 24, 2015"
GSM1562715,"S_Exp1.016","SRA","Homo sapiens",1,GPL16791,GSE64016,"SRA Run Selector","https://www.ncbi.nlm.nih.gov/Traces/study/?acc=SRX802717",SRX802717,"Ning Leng","Jun 24, 2015"
GSM1562716,"S_Exp1.017","SRA","Homo sapiens",1,GPL16791,GSE64016,"SRA Run Selector","https://www.ncbi.nlm.nih.gov/Traces/study/?acc=SRX802718",SRX802718,"Ning Leng","Jun 24, 2015"
GSM1562717,"S_Exp1.018","SRA","Homo sapiens",1,GPL16791,GSE64016,"SRA Run Selector","https://www.ncbi.nlm.nih.gov/Traces/study/?acc=SRX802719",SRX802719,"Ning Leng","Jun 24, 2015"
GSM1562718,"S_Exp1.019","SRA","Homo sapiens",1,GPL16791,GSE64016,"SRA Run Selector","https://www.ncbi.nlm.nih.gov/Traces/study/?acc=SRX802720",SRX802720,"Ning Leng","Jun 24, 2015"
GSM1562719,"S_Exp1.020","SRA","Homo sapiens",1,GPL16791,GSE64016,"SRA Run Selector","https://www.ncbi.nlm.nih.gov/Traces/study/?acc=SRX802721",SRX802721,"Ning Leng","Jun 24, 2015"
GSM1562720,"S_Exp1.021","SRA","Homo sapiens",1,GPL16791,GSE64016,"SRA Run Selector","https://www.ncbi.nlm.nih.gov/Traces/study/?acc=SRX802722",SRX802722,"Ning Leng","Jun 24, 2015"
GSM1562721,"S_Exp1.022","SRA","Homo sapiens",1,GPL16791,GSE64016,"SRA Run Selector","https://www.ncbi.nlm.nih.gov/Traces/study/?acc=SRX802723",SRX802723,"Ning Leng","Jun 24, 2015"
GSM1562722,"S_Exp1.023","SRA","Homo sapiens",1,GPL16791,GSE64016,"SRA Run Selector","https://www.ncbi.nlm.nih.gov/Traces/study/?acc=SRX802724",SRX802724,"Ning Leng","Jun 24, 2015"
GSM1562723,"S_Exp1.025","SRA","Homo sapiens",1,GPL16791,GSE64016,"SRA Run Selector","https://www.ncbi.nlm.nih.gov/Traces/study/?acc=SRX802725",SRX802725,"Ning Leng","Jun 24, 2015"
GSM1562724,"S_Exp1.026","SRA","Homo sapiens",1,GPL16791,GSE64016,"SRA Run Selector","https://www.ncbi.nlm.nih.gov/Traces/study/?acc=SRX802726",SRX802726,"Ning Leng","Jun 24, 2015"
GSM1562725,"S_Exp1.027","SRA","Homo sapiens",1,GPL16791,GSE64016,"SRA Run Selector","https://www.ncbi.nlm.nih.gov/Traces/study/?acc=SRX802727",SRX802727,"Ning Leng","Jun 24, 2015"
GSM1562726,"S_Exp1.028","SRA","Homo sapiens",1,GPL16791,GSE64016,"SRA Run Selector","https://www.ncbi.nlm.nih.gov/Traces/study/?acc=SRX802728",SRX802728,"Ning Leng","Jun 24, 2015"
GSM1562727,"S_Exp1.029","SRA","Homo sapiens",1,GPL16791,GSE64016,"SRA Run Selector","https://www.ncbi.nlm.nih.gov/Traces/study/?acc=SRX802729",SRX802729,"Ning Leng","Jun 24, 2015"
GSM1562728,"S_Exp1.030","SRA","Homo sapiens",1,GPL16791,GSE64016,"SRA Run Selector","https://www.ncbi.nlm.nih.gov/Traces/study/?acc=SRX802730",SRX802730,"Ning Leng","Jun 24, 2015"
GSM1562729,"S_Exp1.031","SRA","Homo sapiens",1,GPL16791,GSE64016,"SRA Run Selector","https://www.ncbi.nlm.nih.gov/Traces/study/?acc=SRX802731",SRX802731,"Ning Leng","Jun 24, 2015"
GSM1562730,"S_Exp1.032","SRA","Homo sapiens",1,GPL16791,GSE64016,"SRA Run Selector","https://www.ncbi.nlm.nih.gov/Traces/study/?acc=SRX802732",SRX802732,"Ning Leng","Jun 24, 2015"
GSM1562731,"S_Exp1.033","SRA","Homo sapiens",1,GPL16791,GSE64016,"SRA Run Selector","https://www.ncbi.nlm.nih.gov/Traces/study/?acc=SRX802733",SRX802733,"Ning Leng","Jun 24, 2015"
GSM1562732,"S_Exp1.034","SRA","Homo sapiens",1,GPL16791,GSE64016,"SRA Run Selector","https://www.ncbi.nlm.nih.gov/Traces/study/?acc=SRX802734",SRX802734,"Ning Leng","Jun 24, 2015"
GSM1562733,"S_Exp1.035","SRA","Homo sapiens",1,GPL16791,GSE64016,"SRA Run Selector","https://www.ncbi.nlm.nih.gov/Traces/study/?acc=SRX802735",SRX802735,"Ning Leng","Jun 24, 2015"
GSM1562734,"S_Exp1.036","SRA","Homo sapiens",1,GPL16791,GSE64016,"SRA Run Selector","https://www.ncbi.nlm.nih.gov/Traces/study/?acc=SRX802736",SRX802736,"Ning Leng","Jun 24, 2015"
GSM1562735,"S_Exp1.037","SRA","Homo sapiens",1,GPL16791,GSE64016,"SRA Run Selector","https://www.ncbi.nlm.nih.gov/Traces/study/?acc=SRX802737",SRX802737,"Ning Leng","Jun 24, 2015"
GSM1562736,"S_Exp1.038","SRA","Homo sapiens",1,GPL16791,GSE64016,"SRA Run Selector","https://www.ncbi.nlm.nih.gov/Traces/study/?acc=SRX802738",SRX802738,"Ning Leng","Jun 24, 2015"
GSM1562737,"S_Exp1.039","SRA","Homo sapiens",1,GPL16791,GSE64016,"SRA Run Selector","https://www.ncbi.nlm.nih.gov/Traces/study/?acc=SRX802739",SRX802739,"Ning Leng","Jun 24, 2015"
GSM1562738,"S_Exp1.040","SRA","Homo sapiens",1,GPL16791,GSE64016,"SRA Run Selector","https://www.ncbi.nlm.nih.gov/Traces/study/?acc=SRX802740",SRX802740,"Ning Leng","Jun 24, 2015"
GSM1562739,"S_Exp1.041","SRA","Homo sapiens",1,GPL16791,GSE64016,"SRA Run Selector","https://www.ncbi.nlm.nih.gov/Traces/study/?acc=SRX802741",SRX802741,"Ning Leng","Jun 24, 2015"
GSM1562740,"S_Exp1.042","SRA","Homo sapiens",1,GPL16791,GSE64016,"SRA Run Selector","https://www.ncbi.nlm.nih.gov/Traces/study/?acc=SRX802742",SRX802742,"Ning Leng","Jun 24, 2015"
GSM1562741,"S_Exp1.043","SRA","Homo sapiens",1,GPL16791,GSE64016,"SRA Run Selector","https://www.ncbi.nlm.nih.gov/Traces/study/?acc=SRX802743",SRX802743,"Ning Leng","Jun 24, 2015"
GSM1562742,"S_Exp1.044","SRA","Homo sapiens",1,GPL16791,GSE64016,"SRA Run Selector","https://www.ncbi.nlm.nih.gov/Traces/study/?acc=SRX802744",SRX802744,"Ning Leng","Jun 24, 2015"
GSM1562743,"S_Exp1.045","SRA","Homo sapiens",1,GPL16791,GSE64016,"SRA Run Selector","https://www.ncbi.nlm.nih.gov/Traces/study/?acc=SRX802745",SRX802745,"Ning Leng","Jun 24, 2015"
GSM1562744,"S_Exp1.046","SRA","Homo sapiens",1,GPL16791,GSE64016,"SRA Run Selector","https://www.ncbi.nlm.nih.gov/Traces/study/?acc=SRX802746",SRX802746,"Ning Leng","Jun 24, 2015"
GSM1562745,"S_Exp1.047","SRA","Homo sapiens",1,GPL16791,GSE64016,"SRA Run Selector","https://www.ncbi.nlm.nih.gov/Traces/study/?acc=SRX802747",SRX802747,"Ning Leng","Jun 24, 2015"
GSM1562746,"S_Exp1.048","SRA","Homo sapiens",1,GPL16791,GSE64016,"SRA Run Selector","https://www.ncbi.nlm.nih.gov/Traces/study/?acc=SRX802748",SRX802748,"Ning Leng","Jun 24, 2015"
GSM1562747,"S_Exp1.049","SRA","Homo sapiens",1,GPL16791,GSE64016,"SRA Run Selector","https://www.ncbi.nlm.nih.gov/Traces/study/?acc=SRX802749",SRX802749,"Ning Leng","Jun 24, 2015"
GSM1562748,"S_Exp1.050","SRA","Homo sapiens",1,GPL16791,GSE64016,"SRA Run Selector","https://www.ncbi.nlm.nih.gov/Traces/study/?acc=SRX802750",SRX802750,"Ning Leng","Jun 24, 2015"
GSM1562749,"S_Exp1.051","SRA","Homo sapiens",1,GPL16791,GSE64016,"SRA Run Selector","https://www.ncbi.nlm.nih.gov/Traces/study/?acc=SRX802751",SRX802751,"Ning Leng","Jun 24, 2015"
GSM1562750,"S_Exp1.052","SRA","Homo sapiens",1,GPL16791,GSE64016,"SRA Run Selector","https://www.ncbi.nlm.nih.gov/Traces/study/?acc=SRX802752",SRX802752,"Ning Leng","Jun 24, 2015"
GSM1562751,"S_Exp1.053","SRA","Homo sapiens",1,GPL16791,GSE64016,"SRA Run Selector","https://www.ncbi.nlm.nih.gov/Traces/study/?acc=SRX802753",SRX802753,"Ning Leng","Jun 24, 2015"
GSM1562752,"S_Exp1.054","SRA","Homo sapiens",1,GPL16791,GSE64016,"SRA Run Selector","https://www.ncbi.nlm.nih.gov/Traces/study/?acc=SRX802754",SRX802754,"Ning Leng","Jun 24, 2015"
GSM1562753,"S_Exp1.055","SRA","Homo sapiens",1,GPL16791,GSE64016,"SRA Run Selector","https://www.ncbi.nlm.nih.gov/Traces/study/?acc=SRX802755",SRX802755,"Ning Leng","Jun 24, 2015"
GSM1562754,"S_Exp1.056","SRA","Homo sapiens",1,GPL16791,GSE64016,"SRA Run Selector","https://www.ncbi.nlm.nih.gov/Traces/study/?acc=SRX802756",SRX802756,"Ning Leng","Jun 24, 2015"
GSM1562755,"S_Exp1.057","SRA","Homo sapiens",1,GPL16791,GSE64016,"SRA Run Selector","https://www.ncbi.nlm.nih.gov/Traces/study/?acc=SRX802757",SRX802757,"Ning Leng","Jun 24, 2015"
GSM1562756,"S_Exp1.058","SRA","Homo sapiens",1,GPL16791,GSE64016,"SRA Run Selector","https://www.ncbi.nlm.nih.gov/Traces/study/?acc=SRX802758",SRX802758,"Ning Leng","Jun 24, 2015"
GSM1562757,"S_Exp1.059","SRA","Homo sapiens",1,GPL16791,GSE64016,"SRA Run Selector","https://www.ncbi.nlm.nih.gov/Traces/study/?acc=SRX802759",SRX802759,"Ning Leng","Jun 24, 2015"
GSM1562758,"S_Exp1.060","SRA","Homo sapiens",1,GPL16791,GSE64016,"SRA Run Selector","https://www.ncbi.nlm.nih.gov/Traces/study/?acc=SRX802760",SRX802760,"Ning Leng","Jun 24, 2015"
GSM1562759,"S_Exp1.061","SRA","Homo sapiens",1,GPL16791,GSE64016,"SRA Run Selector","https://www.ncbi.nlm.nih.gov/Traces/study/?acc=SRX802761",SRX802761,"Ning Leng","Jun 24, 2015"
GSM1562760,"S_Exp1.062","SRA","Homo sapiens",1,GPL16791,GSE64016,"SRA Run Selector","https://www.ncbi.nlm.nih.gov/Traces/study/?acc=SRX802762",SRX802762,"Ning Leng","Jun 24, 2015"
GSM1562761,"S_Exp1.063","SRA","Homo sapiens",1,GPL16791,GSE64016,"SRA Run Selector","https://www.ncbi.nlm.nih.gov/Traces/study/?acc=SRX802763",SRX802763,"Ning Leng","Jun 24, 2015"
GSM1562762,"S_Exp1.064","SRA","Homo sapiens",1,GPL16791,GSE64016,"SRA Run Selector","https://www.ncbi.nlm.nih.gov/Traces/study/?acc=SRX802764",SRX802764,"Ning Leng","Jun 24, 2015"
GSM1562763,"S_Exp1.065","SRA","Homo sapiens",1,GPL16791,GSE64016,"SRA Run Selector","https://www.ncbi.nlm.nih.gov/Traces/study/?acc=SRX802765",SRX802765,"Ning Leng","Jun 24, 2015"
GSM1562764,"S_Exp1.066","SRA","Homo sapiens",1,GPL16791,GSE64016,"SRA Run Selector","https://www.ncbi.nlm.nih.gov/Traces/study/?acc=SRX802766",SRX802766,"Ning Leng","Jun 24, 2015"
GSM1562765,"S_Exp1.067","SRA","Homo sapiens",1,GPL16791,GSE64016,"SRA Run Selector","https://www.ncbi.nlm.nih.gov/Traces/study/?acc=SRX802767",SRX802767,"Ning Leng","Jun 24, 2015"
GSM1562766,"S_Exp1.068","SRA","Homo sapiens",1,GPL16791,GSE64016,"SRA Run Selector","https://www.ncbi.nlm.nih.gov/Traces/study/?acc=SRX802768",SRX802768,"Ning Leng","Jun 24, 2015"
GSM1562767,"S_Exp1.069","SRA","Homo sapiens",1,GPL16791,GSE64016,"SRA Run Selector","https://www.ncbi.nlm.nih.gov/Traces/study/?acc=SRX802769",SRX802769,"Ning Leng","Jun 24, 2015"
GSM1562768,"S_Exp1.070","SRA","Homo sapiens",1,GPL16791,GSE64016,"SRA Run Selector","https://www.ncbi.nlm.nih.gov/Traces/study/?acc=SRX802770",SRX802770,"Ning Leng","Jun 24, 2015"
GSM1562769,"S_Exp1.071","SRA","Homo sapiens",1,GPL16791,GSE64016,"SRA Run Selector","https://www.ncbi.nlm.nih.gov/Traces/study/?acc=SRX802771",SRX802771,"Ning Leng","Jun 24, 2015"
GSM1562770,"S_Exp1.072","SRA","Homo sapiens",1,GPL16791,GSE64016,"SRA Run Selector","https://www.ncbi.nlm.nih.gov/Traces/study/?acc=SRX802772",SRX802772,"Ning Leng","Jun 24, 2015"
GSM1562771,"S_Exp1.073","SRA","Homo sapiens",1,GPL16791,GSE64016,"SRA Run Selector","https://www.ncbi.nlm.nih.gov/Traces/study/?acc=SRX802773",SRX802773,"Ning Leng","Jun 24, 2015"
GSM1562772,"S_Exp1.074","SRA","Homo sapiens",1,GPL16791,GSE64016,"SRA Run Selector","https://www.ncbi.nlm.nih.gov/Traces/study/?acc=SRX802774",SRX802774,"Ning Leng","Jun 24, 2015"
GSM1562773,"S_Exp1.075","SRA","Homo sapiens",1,GPL16791,GSE64016,"SRA Run Selector","https://www.ncbi.nlm.nih.gov/Traces/study/?acc=SRX802775",SRX802775,"Ning Leng","Jun 24, 2015"
GSM1562774,"S_Exp1.076","SRA","Homo sapiens",1,GPL16791,GSE64016,"SRA Run Selector","https://www.ncbi.nlm.nih.gov/Traces/study/?acc=SRX802776",SRX802776,"Ning Leng","Jun 24, 2015"
GSM1562775,"S_Exp1.077","SRA","Homo sapiens",1,GPL16791,GSE64016,"SRA Run Selector","https://www.ncbi.nlm.nih.gov/Traces/study/?acc=SRX802777",SRX802777,"Ning Leng","Jun 24, 2015"
GSM1562776,"S_Exp1.078","SRA","Homo sapiens",1,GPL16791,GSE64016,"SRA Run Selector","https://www.ncbi.nlm.nih.gov/Traces/study/?acc=SRX802778",SRX802778,"Ning Leng","Jun 24, 2015"
GSM1562777,"S_Exp1.079","SRA","Homo sapiens",1,GPL16791,GSE64016,"SRA Run Selector","https://www.ncbi.nlm.nih.gov/Traces/study/?acc=SRX802779",SRX802779,"Ning Leng","Jun 24, 2015"
GSM1562778,"S_Exp1.080","SRA","Homo sapiens",1,GPL16791,GSE64016,"SRA Run Selector","https://www.ncbi.nlm.nih.gov/Traces/study/?acc=SRX802780",SRX802780,"Ning Leng","Jun 24, 2015"
GSM1562779,"S_Exp1.081","SRA","Homo sapiens",1,GPL16791,GSE64016,"SRA Run Selector","https://www.ncbi.nlm.nih.gov/Traces/study/?acc=SRX802781",SRX802781,"Ning Leng","Jun 24, 2015"
GSM1562780,"G2_Exp1.001","SRA","Homo sapiens",1,GPL16791,GSE64016,"SRA Run Selector","https://www.ncbi.nlm.nih.gov/Traces/study/?acc=SRX802782",SRX802782,"Ning Leng","Jun 24, 2015"
GSM1562781,"G2_Exp1.002","SRA","Homo sapiens",1,GPL16791,GSE64016,"SRA Run Selector","https://www.ncbi.nlm.nih.gov/Traces/study/?acc=SRX802783",SRX802783,"Ning Leng","Jun 24, 2015"
GSM1562782,"G2_Exp1.003","SRA","Homo sapiens",1,GPL16791,GSE64016,"SRA Run Selector","https://www.ncbi.nlm.nih.gov/Traces/study/?acc=SRX802784",SRX802784,"Ning Leng","Jun 24, 2015"
GSM1562783,"G2_Exp1.004","SRA","Homo sapiens",1,GPL16791,GSE64016,"SRA Run Selector","https://www.ncbi.nlm.nih.gov/Traces/study/?acc=SRX802785",SRX802785,"Ning Leng","Jun 24, 2015"
GSM1562784,"G2_Exp1.005","SRA","Homo sapiens",1,GPL16791,GSE64016,"SRA Run Selector","https://www.ncbi.nlm.nih.gov/Traces/study/?acc=SRX802786",SRX802786,"Ning Leng","Jun 24, 2015"
GSM1562785,"G2_Exp1.006","SRA","Homo sapiens",1,GPL16791,GSE64016,"SRA Run Selector","https://www.ncbi.nlm.nih.gov/Traces/study/?acc=SRX802787",SRX802787,"Ning Leng","Jun 24, 2015"
GSM1562786,"G2_Exp1.007","SRA","Homo sapiens",1,GPL16791,GSE64016,"SRA Run Selector","https://www.ncbi.nlm.nih.gov/Traces/study/?acc=SRX802788",SRX802788,"Ning Leng","Jun 24, 2015"
GSM1562787,"G2_Exp1.008","SRA","Homo sapiens",1,GPL16791,GSE64016,"SRA Run Selector","https://www.ncbi.nlm.nih.gov/Traces/study/?acc=SRX802789",SRX802789,"Ning Leng","Jun 24, 2015"
GSM1562788,"G2_Exp1.009","SRA","Homo sapiens",1,GPL16791,GSE64016,"SRA Run Selector","https://www.ncbi.nlm.nih.gov/Traces/study/?acc=SRX802790",SRX802790,"Ning Leng","Jun 24, 2015"
GSM1562789,"G2_Exp1.010","SRA","Homo sapiens",1,GPL16791,GSE64016,"SRA Run Selector","https://www.ncbi.nlm.nih.gov/Traces/study/?acc=SRX802791",SRX802791,"Ning Leng","Jun 24, 2015"
GSM1562790,"G2_Exp1.011","SRA","Homo sapiens",1,GPL16791,GSE64016,"SRA Run Selector","https://www.ncbi.nlm.nih.gov/Traces/study/?acc=SRX802792",SRX802792,"Ning Leng","Jun 24, 2015"
GSM1562791,"G2_Exp1.012","SRA","Homo sapiens",1,GPL16791,GSE64016,"SRA Run Selector","https://www.ncbi.nlm.nih.gov/Traces/study/?acc=SRX802793",SRX802793,"Ning Leng","Jun 24, 2015"
GSM1562792,"G2_Exp1.013","SRA","Homo sapiens",1,GPL16791,GSE64016,"SRA Run Selector","https://www.ncbi.nlm.nih.gov/Traces/study/?acc=SRX802794",SRX802794,"Ning Leng","Jun 24, 2015"
GSM1562793,"G2_Exp1.014","SRA","Homo sapiens",1,GPL16791,GSE64016,"SRA Run Selector","https://www.ncbi.nlm.nih.gov/Traces/study/?acc=SRX802795",SRX802795,"Ning Leng","Jun 24, 2015"
GSM1562794,"G2_Exp1.015","SRA","Homo sapiens",1,GPL16791,GSE64016,"SRA Run Selector","https://www.ncbi.nlm.nih.gov/Traces/study/?acc=SRX802796",SRX802796,"Ning Leng","Jun 24, 2015"
GSM1562795,"G2_Exp1.016","SRA","Homo sapiens",1,GPL16791,GSE64016,"SRA Run Selector","https://www.ncbi.nlm.nih.gov/Traces/study/?acc=SRX802797",SRX802797,"Ning Leng","Jun 24, 2015"
GSM1562796,"G2_Exp1.017","SRA","Homo sapiens",1,GPL16791,GSE64016,"SRA Run Selector","https://www.ncbi.nlm.nih.gov/Traces/study/?acc=SRX802798",SRX802798,"Ning Leng","Jun 24, 2015"
GSM1562797,"G2_Exp1.018","SRA","Homo sapiens",1,GPL16791,GSE64016,"SRA Run Selector","https://www.ncbi.nlm.nih.gov/Traces/study/?acc=SRX802799",SRX802799,"Ning Leng","Jun 24, 2015"
GSM1562798,"G2_Exp1.019","SRA","Homo sapiens",1,GPL16791,GSE64016,"SRA Run Selector","https://www.ncbi.nlm.nih.gov/Traces/study/?acc=SRX802800",SRX802800,"Ning Leng","Jun 24, 2015"
GSM1562799,"G2_Exp1.020","SRA","Homo sapiens",1,GPL16791,GSE64016,"SRA Run Selector","https://www.ncbi.nlm.nih.gov/Traces/study/?acc=SRX802801",SRX802801,"Ning Leng","Jun 24, 2015"
GSM1562800,"G2_Exp1.021","SRA","Homo sapiens",1,GPL16791,GSE64016,"SRA Run Selector","https://www.ncbi.nlm.nih.gov/Traces/study/?acc=SRX802802",SRX802802,"Ning Leng","Jun 24, 2015"
GSM1562801,"G2_Exp1.022","SRA","Homo sapiens",1,GPL16791,GSE64016,"SRA Run Selector","https://www.ncbi.nlm.nih.gov/Traces/study/?acc=SRX802803",SRX802803,"Ning Leng","Jun 24, 2015"
GSM1562802,"G2_Exp1.023","SRA","Homo sapiens",1,GPL16791,GSE64016,"SRA Run Selector","https://www.ncbi.nlm.nih.gov/Traces/study/?acc=SRX802804",SRX802804,"Ning Leng","Jun 24, 2015"
GSM1562803,"G2_Exp1.024","SRA","Homo sapiens",1,GPL16791,GSE64016,"SRA Run Selector","https://www.ncbi.nlm.nih.gov/Traces/study/?acc=SRX802805",SRX802805,"Ning Leng","Jun 24, 2015"
GSM1562804,"G2_Exp1.025","SRA","Homo sapiens",1,GPL16791,GSE64016,"SRA Run Selector","https://www.ncbi.nlm.nih.gov/Traces/study/?acc=SRX802806",SRX802806,"Ning Leng","Jun 24, 2015"
GSM1562805,"G2_Exp1.026","SRA","Homo sapiens",1,GPL16791,GSE64016,"SRA Run Selector","https://www.ncbi.nlm.nih.gov/Traces/study/?acc=SRX802807",SRX802807,"Ning Leng","Jun 24, 2015"
GSM1562806,"G2_Exp1.027","SRA","Homo sapiens",1,GPL16791,GSE64016,"SRA Run Selector","https://www.ncbi.nlm.nih.gov/Traces/study/?acc=SRX802808",SRX802808,"Ning Leng","Jun 24, 2015"
GSM1562807,"G2_Exp1.028","SRA","Homo sapiens",1,GPL16791,GSE64016,"SRA Run Selector","https://www.ncbi.nlm.nih.gov/Traces/study/?acc=SRX802809",SRX802809,"Ning Leng","Jun 24, 2015"
GSM1562808,"G2_Exp1.029","SRA","Homo sapiens",1,GPL16791,GSE64016,"SRA Run Selector","https://www.ncbi.nlm.nih.gov/Traces/study/?acc=SRX802810",SRX802810,"Ning Leng","Jun 24, 2015"
GSM1562809,"G2_Exp1.030","SRA","Homo sapiens",1,GPL16791,GSE64016,"SRA Run Selector","https://www.ncbi.nlm.nih.gov/Traces/study/?acc=SRX802811",SRX802811,"Ning Leng","Jun 24, 2015"
GSM1562810,"G2_Exp1.031","SRA","Homo sapiens",1,GPL16791,GSE64016,"SRA Run Selector","https://www.ncbi.nlm.nih.gov/Traces/study/?acc=SRX802812",SRX802812,"Ning Leng","Jun 24, 2015"
GSM1562811,"G2_Exp1.032","SRA","Homo sapiens",1,GPL16791,GSE64016,"SRA Run Selector","https://www.ncbi.nlm.nih.gov/Traces/study/?acc=SRX802813",SRX802813,"Ning Leng","Jun 24, 2015"
GSM1562812,"G2_Exp1.033","SRA","Homo sapiens",1,GPL16791,GSE64016,"SRA Run Selector","https://www.ncbi.nlm.nih.gov/Traces/study/?acc=SRX802814",SRX802814,"Ning Leng","Jun 24, 2015"
GSM1562813,"G2_Exp1.034","SRA","Homo sapiens",1,GPL16791,GSE64016,"SRA Run Selector","https://www.ncbi.nlm.nih.gov/Traces/study/?acc=SRX802815",SRX802815,"Ning Leng","Jun 24, 2015"
GSM1562814,"G2_Exp1.036","SRA","Homo sapiens",1,GPL16791,GSE64016,"SRA Run Selector","https://www.ncbi.nlm.nih.gov/Traces/study/?acc=SRX802816",SRX802816,"Ning Leng","Jun 24, 2015"
GSM1562815,"G2_Exp1.037","SRA","Homo sapiens",1,GPL16791,GSE64016,"SRA Run Selector","https://www.ncbi.nlm.nih.gov/Traces/study/?acc=SRX802817",SRX802817,"Ning Leng","Jun 24, 2015"
GSM1562816,"G2_Exp1.038","SRA","Homo sapiens",1,GPL16791,GSE64016,"SRA Run Selector","https://www.ncbi.nlm.nih.gov/Traces/study/?acc=SRX802818",SRX802818,"Ning Leng","Jun 24, 2015"
GSM1562817,"G2_Exp1.039","SRA","Homo sapiens",1,GPL16791,GSE64016,"SRA Run Selector","https://www.ncbi.nlm.nih.gov/Traces/study/?acc=SRX802819",SRX802819,"Ning Leng","Jun 24, 2015"
GSM1562818,"G2_Exp1.040","SRA","Homo sapiens",1,GPL16791,GSE64016,"SRA Run Selector","https://www.ncbi.nlm.nih.gov/Traces/study/?acc=SRX802820",SRX802820,"Ning Leng","Jun 24, 2015"
GSM1562819,"G2_Exp1.041","SRA","Homo sapiens",1,GPL16791,GSE64016,"SRA Run Selector","https://www.ncbi.nlm.nih.gov/Traces/study/?acc=SRX802821",SRX802821,"Ning Leng","Jun 24, 2015"
GSM1562820,"G2_Exp1.042","SRA","Homo sapiens",1,GPL16791,GSE64016,"SRA Run Selector","https://www.ncbi.nlm.nih.gov/Traces/study/?acc=SRX802822",SRX802822,"Ning Leng","Jun 24, 2015"
GSM1562821,"G2_Exp1.043","SRA","Homo sapiens",1,GPL16791,GSE64016,"SRA Run Selector","https://www.ncbi.nlm.nih.gov/Traces/study/?acc=SRX802823",SRX802823,"Ning Leng","Jun 24, 2015"
GSM1562822,"G2_Exp1.044","SRA","Homo sapiens",1,GPL16791,GSE64016,"SRA Run Selector","https://www.ncbi.nlm.nih.gov/Traces/study/?acc=SRX802824",SRX802824,"Ning Leng","Jun 24, 2015"
GSM1562823,"G2_Exp1.045","SRA","Homo sapiens",1,GPL16791,GSE64016,"SRA Run Selector","https://www.ncbi.nlm.nih.gov/Traces/study/?acc=SRX802825",SRX802825,"Ning Leng","Jun 24, 2015"
GSM1562824,"G2_Exp1.046","SRA","Homo sapiens",1,GPL16791,GSE64016,"SRA Run Selector","https://www.ncbi.nlm.nih.gov/Traces/study/?acc=SRX802826",SRX802826,"Ning Leng","Jun 24, 2015"
GSM1562825,"G2_Exp1.047","SRA","Homo sapiens",1,GPL16791,GSE64016,"SRA Run Selector","https://www.ncbi.nlm.nih.gov/Traces/study/?acc=SRX802827",SRX802827,"Ning Leng","Jun 24, 2015"
GSM1562826,"G2_Exp1.048","SRA","Homo sapiens",1,GPL16791,GSE64016,"SRA Run Selector","https://www.ncbi.nlm.nih.gov/Traces/study/?acc=SRX802828",SRX802828,"Ning Leng","Jun 24, 2015"
GSM1562827,"G2_Exp1.049","SRA","Homo sapiens",1,GPL16791,GSE64016,"SRA Run Selector","https://www.ncbi.nlm.nih.gov/Traces/study/?acc=SRX802829",SRX802829,"Ning Leng","Jun 24, 2015"
GSM1562828,"G2_Exp1.050","SRA","Homo sapiens",1,GPL16791,GSE64016,"SRA Run Selector","https://www.ncbi.nlm.nih.gov/Traces/study/?acc=SRX802830",SRX802830,"Ning Leng","Jun 24, 2015"
GSM1562829,"G2_Exp1.051","SRA","Homo sapiens",1,GPL16791,GSE64016,"SRA Run Selector","https://www.ncbi.nlm.nih.gov/Traces/study/?acc=SRX802831",SRX802831,"Ning Leng","Jun 24, 2015"
GSM1562830,"G2_Exp1.052","SRA","Homo sapiens",1,GPL16791,GSE64016,"SRA Run Selector","https://www.ncbi.nlm.nih.gov/Traces/study/?acc=SRX802832",SRX802832,"Ning Leng","Jun 24, 2015"
GSM1562831,"G2_Exp1.053","SRA","Homo sapiens",1,GPL16791,GSE64016,"SRA Run Selector","https://www.ncbi.nlm.nih.gov/Traces/study/?acc=SRX802833",SRX802833,"Ning Leng","Jun 24, 2015"
GSM1562832,"G2_Exp1.054","SRA","Homo sapiens",1,GPL16791,GSE64016,"SRA Run Selector","https://www.ncbi.nlm.nih.gov/Traces/study/?acc=SRX802834",SRX802834,"Ning Leng","Jun 24, 2015"
GSM1562833,"G2_Exp1.055","SRA","Homo sapiens",1,GPL16791,GSE64016,"SRA Run Selector","https://www.ncbi.nlm.nih.gov/Traces/study/?acc=SRX802835",SRX802835,"Ning Leng","Jun 24, 2015"
GSM1562834,"G2_Exp1.056","SRA","Homo sapiens",1,GPL16791,GSE64016,"SRA Run Selector","https://www.ncbi.nlm.nih.gov/Traces/study/?acc=SRX802836",SRX802836,"Ning Leng","Jun 24, 2015"
GSM1562835,"G2_Exp1.057","SRA","Homo sapiens",1,GPL16791,GSE64016,"SRA Run Selector","https://www.ncbi.nlm.nih.gov/Traces/study/?acc=SRX802837",SRX802837,"Ning Leng","Jun 24, 2015"
GSM1562836,"G2_Exp1.058","SRA","Homo sapiens",1,GPL16791,GSE64016,"SRA Run Selector","https://www.ncbi.nlm.nih.gov/Traces/study/?acc=SRX802838",SRX802838,"Ning Leng","Jun 24, 2015"
GSM1562837,"G2_Exp1.059","SRA","Homo sapiens",1,GPL16791,GSE64016,"SRA Run Selector","https://www.ncbi.nlm.nih.gov/Traces/study/?acc=SRX802839",SRX802839,"Ning Leng","Jun 24, 2015"
GSM1562838,"G2_Exp1.060","SRA","Homo sapiens",1,GPL16791,GSE64016,"SRA Run Selector","https://www.ncbi.nlm.nih.gov/Traces/study/?acc=SRX802840",SRX802840,"Ning Leng","Jun 24, 2015"
GSM1562839,"G2_Exp1.061","SRA","Homo sapiens",1,GPL16791,GSE64016,"SRA Run Selector","https://www.ncbi.nlm.nih.gov/Traces/study/?acc=SRX802841",SRX802841,"Ning Leng","Jun 24, 2015"
GSM1562840,"G2_Exp1.062","SRA","Homo sapiens",1,GPL16791,GSE64016,"SRA Run Selector","https://www.ncbi.nlm.nih.gov/Traces/study/?acc=SRX802842",SRX802842,"Ning Leng","Jun 24, 2015"
GSM1562841,"G2_Exp1.063","SRA","Homo sapiens",1,GPL16791,GSE64016,"SRA Run Selector","https://www.ncbi.nlm.nih.gov/Traces/study/?acc=SRX802843",SRX802843,"Ning Leng","Jun 24, 2015"
GSM1562842,"G2_Exp1.064","SRA","Homo sapiens",1,GPL16791,GSE64016,"SRA Run Selector","https://www.ncbi.nlm.nih.gov/Traces/study/?acc=SRX802844",SRX802844,"Ning Leng","Jun 24, 2015"
GSM1562843,"G2_Exp1.065","SRA","Homo sapiens",1,GPL16791,GSE64016,"SRA Run Selector","https://www.ncbi.nlm.nih.gov/Traces/study/?acc=SRX802845",SRX802845,"Ning Leng","Jun 24, 2015"
GSM1562844,"G2_Exp1.066","SRA","Homo sapiens",1,GPL16791,GSE64016,"SRA Run Selector","https://www.ncbi.nlm.nih.gov/Traces/study/?acc=SRX802846",SRX802846,"Ning Leng","Jun 24, 2015"
GSM1562845,"G2_Exp1.067","SRA","Homo sapiens",1,GPL16791,GSE64016,"SRA Run Selector","https://www.ncbi.nlm.nih.gov/Traces/study/?acc=SRX802847",SRX802847,"Ning Leng","Jun 24, 2015"
GSM1562846,"G2_Exp1.068","SRA","Homo sapiens",1,GPL16791,GSE64016,"SRA Run Selector","https://www.ncbi.nlm.nih.gov/Traces/study/?acc=SRX802848",SRX802848,"Ning Leng","Jun 24, 2015"
GSM1562847,"G2_Exp1.069","SRA","Homo sapiens",1,GPL16791,GSE64016,"SRA Run Selector","https://www.ncbi.nlm.nih.gov/Traces/study/?acc=SRX802849",SRX802849,"Ning Leng","Jun 24, 2015"
GSM1562848,"G2_Exp1.070","SRA","Homo sapiens",1,GPL16791,GSE64016,"SRA Run Selector","https://www.ncbi.nlm.nih.gov/Traces/study/?acc=SRX802850",SRX802850,"Ning Leng","Jun 24, 2015"
GSM1562849,"G2_Exp1.071","SRA","Homo sapiens",1,GPL16791,GSE64016,"SRA Run Selector","https://www.ncbi.nlm.nih.gov/Traces/study/?acc=SRX802851",SRX802851,"Ning Leng","Jun 24, 2015"
GSM1562850,"G2_Exp1.072","SRA","Homo sapiens",1,GPL16791,GSE64016,"SRA Run Selector","https://www.ncbi.nlm.nih.gov/Traces/study/?acc=SRX802852",SRX802852,"Ning Leng","Jun 24, 2015"
GSM1562851,"G2_Exp1.073","SRA","Homo sapiens",1,GPL16791,GSE64016,"SRA Run Selector","https://www.ncbi.nlm.nih.gov/Traces/study/?acc=SRX802853",SRX802853,"Ning Leng","Jun 24, 2015"
GSM1562852,"G2_Exp1.074","SRA","Homo sapiens",1,GPL16791,GSE64016,"SRA Run Selector","https://www.ncbi.nlm.nih.gov/Traces/study/?acc=SRX802854",SRX802854,"Ning Leng","Jun 24, 2015"
GSM1562853,"G2_Exp1.075","SRA","Homo sapiens",1,GPL16791,GSE64016,"SRA Run Selector","https://www.ncbi.nlm.nih.gov/Traces/study/?acc=SRX802855",SRX802855,"Ning Leng","Jun 24, 2015"
GSM1562854,"G2_Exp1.076","SRA","Homo sapiens",1,GPL16791,GSE64016,"SRA Run Selector","https://www.ncbi.nlm.nih.gov/Traces/study/?acc=SRX802856",SRX802856,"Ning Leng","Jun 24, 2015"
GSM1562855,"G2_Exp1.077","SRA","Homo sapiens",1,GPL16791,GSE64016,"SRA Run Selector","https://www.ncbi.nlm.nih.gov/Traces/study/?acc=SRX802857",SRX802857,"Ning Leng","Jun 24, 2015"
